Tag,Document IDs,Appearances,Occurrences,Section,Synonyms,n_Synonyms
Alejandro Garnacho,"[10114, 10243, 10500, 10245, 10117, 10506, 10250, 10253, 10512, 10384, 10386, 10385, 10260, 10005, 10387, 10265, 10267, 10140, 10269, 10142, 10270, 10274, 10022, 10150, 10029, 10286, 10031, 10161, 10035, 10164, 10422, 10041, 10042, 10428, 10173, 10430, 10434, 10311, 10315, 10187, 10189, 10190, 10449, 10194, 10327, 10072, 10329, 10458, 10076, 10333, 10463, 10082, 10339, 10085, 10086, 10087, 10217, 10219, 10092, 10347, 10094, 10351, 10099, 10231, 10104, 10105]",66,1223,Deportes,"['Alejandro Garnacho', 'Garnacho', 'Christian Eriksen', 'Bruno Fernández', 'Scott McTominay', 'Diogo Dalot', 'Antoine Griezmann', 'Iván Villar', 'Simeone', 'Óscar Mingueza', 'Larsen', 'Samu Lino', 'Villar', 'Cuadra Fernández', 'Vicente Guaita', 'Griezmann', 'Sergio Ramos', 'Rüdiger', 'Molina', 'Riquelme', 'Guaita', 'Carlos Sainz', 'Alonso', 'Álvaro Morata', 'Diego Armando Maradona', 'Don Omar', 'Raúl Molina', 'Gordo', 'Flaca', 'Diego Maradona', 'Puerto Rico', 'Maradona', 'Noche Diez', 'Diego', 'William', 'Unión Santa Fe', 'Boca Juniors', 'Jorge Almirón', 'Xeneize', 'Maracaná', 'Alejandro Domínguez', 'Boca', 'Juan Román Riquelme', 'Claudio Tapia', 'Morumbí San Pablo', 'Domínguez', 'Racing', 'Estudiantes Plata', 'Mario Alberto Kempes Córdoba', 'Cristiano Ronaldo', 'Lionel Messi', 'CR7', 'camerunés', 'Georges-Kevin', 'Anderson Talisca', 'Cristiano', 'Domagoj Antolic', 'Ronaldo', 'Erling Haaland', 'Messi', 'argentino', 'Pulga', 'rosarino', 'David Beckham', 'Pierre Hooijdonk', 'Roberto Dinamita', 'Ronald Koeman', 'Pelé', 'Marcos Assunçao', 'Víctor Legrotaglie', 'Ronaldinho', 'Ramón Sánchez Pizjuán', 'David', 'Daniel Carvajal', 'Antonio Rüdiger', 'Ricardo Burgos Bengoetxea', 'roce pierna Sánchez Pizjuán', 'Jesús Navas', 'Vinicius Jr', 'Ivan Rakitic', 'Navas', 'Ferland Mendy', 'Bombonera', 'Mario Yepes', 'River Plate', 'Marcos Acuña', 'Lucas Ocampos', 'Kepa Arrizabalaga', 'Dani Carvajal', 'Toni Kroos', 'Ørjan Nyland', 'Acuña', 'Ocampos', 'Djibril Sow', 'Vinicius', 'Diego Alonso', 'Carlo Ancelotti', 'Julián Álvarez', 'Jason Steele', 'Jeremy Doku', 'Haaland', 'Álvarez', 'árbitro Robert Jones', 'Pascal Gross', 'Julián', 'Lionel Scaloni', 'Gross', 'Nathan Aké', 'Manuel Akanji', 'Pep Guardiola', 'Araña', 'Guardiola', 'Estrella Roja', 'Springbocks', 'Michael Cheika', 'Chile', 'Charlotte', 'Garzas', 'Leonardo Campana', 'Justin Meram', 'Derrick Jones', 'Enzo Copetti', 'Robbie Robinson', 'Dixon Arroyo', 'Gregore', 'Benjamín Cremaschi', 'Scott Arfield', 'Karol Swiderski', 'Jordi Alba', 'Noah Allen', 'Kamil Jozwiak', 'Kerwin Vargas', 'Kahlina', 'Vargas', 'Santos', 'Bobby Charlton', 'Charlton', 'Bruno Fernandes', 'Erik Hag', 'Wayne Rooney', 'Michael Carrick', 'Sir Bobby', 'Carrick', 'Chiara Mainetti', 'Dorado', 'Mar Plata', 'Chiara', 'Julio Cámpora', 'San Isidro', 'Villa Angostura', 'Charlotte FC', 'Marcelo Bielsa', 'Balón Oro', 'Diez', 'Kylian Mbappé', 'Newell’s', 'Santiago Bernabéu', 'Johan Cruyff', 'Andrés Iniesta', 'Xavi Hernández', 'Espai Barça', 'Joan', 'Goldman Sachs', 'JP Morgan', 'Estadio', 'Barça', 'Lluís-Companys', 'Fernanda Russo', 'Macarena Ceballos', 'Lucas Guzmán', 'Brandon Plaza Hernández', 'Giulia Sendra', 'José Acuña', 'Delfina Dini', 'Agostina Hein', 'Hein', 'Dini', 'Paige Madden', 'Julia Sebastián', 'Martina Barbeito', 'Rachel Nicol', 'Gabriel Morelli', 'Juan Carrocia', '-Gabriel Morelli', 'Morelli', 'Carrocia', 'Joaquín González', 'Federico Ludueña', 'Bádminton María Oliva', 'Gabriela Barrios', 'Salvador- Santiago Otero', 'Howard Shu', 'Nicolás Oliva', 'Javier Alas', 'Salvador- Angelina Gualdi', 'Eliana-Ruobing Zhang', 'Angelina Gualdi', 'Santiago Otero', 'Jonathan Solís', 'Diana Corleto', 'Nairobi Jimenez', 'Yonatan Linarez', 'Aldana López', 'Ingrid Gómez', 'Abraham Buonarrigo', 'Desmond Amsterdam', 'Ramón Quiroga', 'Héctor Tapia', 'Joel Contreras', 'Catriel Soto', 'Gunnar Holmgren', 'Inés Gutiérrez', 'Agustina Apaza', 'Jennifer Jackson', 'Catalina Vidaurre', 'Raiza Goulao Henrique', 'BMX Racing', 'Emiliano Fuente', 'Gonzalo Molina', 'Lautaro Soria', 'Soria', 'Violeta Mociulsky', 'Patricio Sohar', 'Tobias Giorgis', 'Antonio Collazo', 'Patricio Zohar', 'Eugenia Armas', 'Kai Ditsch', 'Ludmila Gerzel', 'Dahiana Ortíz -República Dominicana-', 'Aldana Bertrán', 'Matias Dell´Olio', 'Martina Armanazqui', 'Camila Fuenzalida', 'Maria Serrano', 'María Belén Serrano', 'Sophia Hernández', 'Sergio Villamayor', 'Emanuel Zapata', 'Franco Serrano', 'Duilio Carrillo', 'Diego García', 'Fernando Kurzbard', 'Yandy Espinosa', 'Maykel Moyet', 'Olivia Peralta', 'Ingrid Marcipar', 'Ignacio Pacheco', 'Joel Romero', 'Clara Galfre', 'Oriana Ruiz', 'Agustín Scenna', 'Axel Haack', 'Karina Guelet Cárdenas', 'Bernardo Pie', 'David Paz Rocha', 'Raymiguel Barreto', 'John Garrido', 'Paulo Souza Melo', 'Iván Cruz', 'Lola Sánchez', 'Leandro González', 'Federico Gil', 'Alexis Eberhardt', 'Marcelo Gutiérrez', 'Ana Gallay', 'Fernanda Pereyra', 'Paola Alvarado', 'Natalia Giron', 'Tomás', 'Nicolás Capogrosso', 'Jhostin Varela', 'Danier Dyner', 'conjunto Luis Castro', 'Georges Kevin', 'Taawon', 'Victor Henry', 'Henry', 'Caroline Pearce', 'Gallo', 'Leo Messi', 'Infobae Leonel Tekila Gómez', 'Ciudad Reina', 'Mario Cruz Batrez', 'Batrez', 'Gómez', 'Tekila Gómez', 'Claypole', 'Alan Varela', 'Ezequiel Fernández', 'Equi', 'Fernández', 'Daniele Longo', 'ojeadores Moncada', 'D’Ottavio', 'Moncada', 'Enzo Fernández', 'Equi Fernández', 'Tigre', 'Diego martínez', 'Valentín Barco', 'Exequiel Zeballos', 'Mercedes', 'Charles Leclerc', 'Norris', 'Sergio Pérez', 'George Russell', 'Pierre Gasly', 'Charles', 'Sagen Maddalena', 'Russo', 'Fernanda', 'Santiago', 'Maddalena', 'Mary Tucker', 'Alison Weisz', 'Goretti Zumaya', 'Sophie Angus', 'Merlo', 'Souza Melo', 'Martín Demichelis', 'Millonario', 'Micho', 'Núñez', 'Godoy Cruz', 'San Lorenzo', 'Rosario Central', 'Johan Carbonero', 'Gonzalo Piovi', 'Facundo Roncaglia', 'Lautaro Martínez', 'Estadio Olímpico Grande Torino', 'Marcus Thuram', 'Francesco Acerbi', 'Toro', 'Hakan Calhanoglu', 'Martínez', 'Victor Osimhen', 'Mauro Icardi', 'Gonzalo Higuaín', 'Pipita', 'Ciro Immobile', 'Lautaro', 'Gabriel Batistuta', 'Hernán Crespo', 'Christian Vieri', 'Icardi', 'Giuseppe Meazza', 'Florencia Borelli', 'Parque O’Higgins', 'Citlali Cristian', 'Borelli', 'Flor', 'Lucy Tejeda', 'Pedro Luis Gómez', 'Cristhian Pacheco', 'Hugo Catrileo', 'Luis', 'José Luis Acuña', 'Santiago Chile', 'Plata', 'Ygor Coelho Oliveira', 'Benjamín Bahamondez', 'Ignacio Medel', 'Final Ailén Oliva', 'Annie Xu', 'Kerry Xu', 'Claudia Gaona', 'Lisbeth Allcca', 'Marcos Tenorio', 'Dany León', 'Fiorella Mengani', 'Micaela Mabragaña', 'Gabriel Armando', 'Victoria Saputo', 'Jessica Muñoz', 'Luciano Amaya', 'Joshua Toussaint', 'Joel Mafauad', 'Tomás Barros', 'Laureano Rosas', 'Natalia Méndez', 'Frederique Lambert', 'María José Vargas', 'Carla Muñoz', 'Daniel Rosa', 'Erika Manilla', 'Michelle Key', 'Rodrigo Montoya', 'Javier Mar', 'Verónica Sotomayor', 'José Daniel Ugalde', 'Oriana Ruíz', 'Pedro Dickson', 'Alejandro Colomino', 'Evelyn Silvestro', 'Sonia Baluzzo', 'Ailin Arzúa', 'Omar Cocilova', 'Zoe García Molina', 'María Aguado', 'Rocío Becerra', 'Valentín Sternik', 'Lucia Gauna', 'Candela Raviola', 'Malena Santillán', 'Tomás Di Paolo', 'Valentín Costantino', 'Tobías Giorgis', 'María Luz Casadevall', 'Dante Pizzuti', 'Tatiana Ullua', 'Alexmar Sulbaran', 'Dylan Olmedo', 'Moises Hernández', 'Sonny Bill Williams', 'Bill Beaumont', 'Stephen Hoiles', 'Sonny Bill', 'Fernando Alonso', 'Aston Martin', 'Leclerc', 'Sainz', 'Fernado Alonso', 'Fer Russo', 'Fer', 'caso Giulia Sendra', 'Álvaro Prieto López', 'Sonsoles', 'Mario', 'Prieto', 'Álvaro Prieto', 'Nacho Abad', 'Álvaro', 'Santa Justa', 'Rafael Prieto', 'Ian Foster', 'Juan Martín Fernández Lobbe', 'palabra Corcho', 'Felipe Contepomi', 'Corcho', 'Michael', 'Juli', 'Felipe', 'Gómez Kodela', 'Contepomi', 'Copa Webb Ellis', 'Rosa', 'Owen Farrell', 'Manie Libbok', 'Handré Pollard', 'Jacques Nienaber', 'Steve Borthwick', 'Snyman', 'Pollard', 'Joe Marler', 'Jamie George', 'Dan Cole', 'George Martin', 'Courtney Lawes', 'Tom Curry', 'Ben Earl', 'Alex Mitchell', 'Elliot Daly', 'Manu Tuilagi', 'Joe Marchant', 'Jonny May', 'Freddie Steward', 'Theo Dan', 'Ellis Genge', 'Kyle Sinckler', 'Ollie Chessum', 'Billy Vunipola', 'Danny Care', 'Ollie Lawrence', 'Steven Kitshoff', 'Mbonambi', 'Frans Malherbe', 'Eben Etzebeth', 'Franco Mostert', 'Siya Kolisi', 'Pieter-Steph Du Toit', 'Duane Vermeulen', 'Cobus Reinach', 'Damian Allende', 'Jesse Kriel', 'Kurt-Lee Arendse', 'Damian Willemse', 'Deon Fourie', 'Vincent Koch', 'RG Snyman', 'Kwagga Smith', 'Faf Klerk', 'Handre Pollard', 'Willie Roux', 'Ben O’Keeffe', 'William Saliba', 'Chris Kavanagh', 'Cole Palmer', 'Raheem Sterling', 'jugador River Plate', 'Sterling', 'Enzo', 'Thiago Silva', 'Reece James', 'Mauricio Pochettino', 'Moisés Caicedo', 'Mikel Arteta', 'Declan Rice', 'Leandro Trossard', 'Pochettino', 'Robert Bobby Charlton', 'Sir Bobby Charlton', 'Denis Law', 'Santísima Trinidad', 'Balón Plata', 'Reina Isabel', 'Sir', 'Tata Martino', 'Jaime Lozano', 'Martino', 'Tata', 'Josef Martínez', 'Luis Suárez', 'Alejandro “ Papu ” Gómez', 'Papu', 'Raffaele Palladino', 'Estadio Olímpico', 'Alejandro Gómez', 'José Mourinho', 'Alejandro', 'Stephan Shaarawy', 'Papu Gómez', 'conflicto Papu', 'Thiago Motta', 'Palladino', 'Gilardino', 'José', 'Giovanni Ayroldi', 'Carlos Tevez', 'Yaya Touré', 'Independiente', 'Touré', 'Carlitos', 'Roberto Mancini', 'Sergio “ Kun', 'Agüero', 'Tevez', 'Canalla', 'Estadio Monumental', 'Di', 'Milo', 'Neymar', 'Gerardo Martino', 'Josef', 'Luka Modric', 'Sergi Roberto', 'Lamar Hunt', 'Mario Alberto Kempes Córdoba-', 'Santa Fe', 'Estudiantes', 'Tatengue', 'Jorge Riquelme', 'Cadena Xeneize', 'Cacho', 'Jorge', 'Edinson Cavani', 'Cavani', 'Puerto San Martín Rosario', 'Puerto San Martín', 'Bruno Fontana', 'Fontana', 'Rosario', 'Puerto', 'David Ferrara', 'Básquet Rosario', 'Puerto General San Martín', 'Rojo', 'Avellaneda', 'órdenes Tevez', 'Alexis Canelo', 'Santiago Toloza', 'Daniel Seoane', 'Carlos', 'Barracas Central', 'Estadio Libertadores América-Ricardo Bochini', 'Aston Villa', 'Damián Emiliano “ Dibu', 'Lucas Paquetá', 'Jarrod Bowen', 'Dibu', 'Paquetá', 'Bowen', 'Douglas Luiz', 'Alphonse Areola', 'Edson Álvarez', 'Ezri Konsa Ngoyo', 'David Coote', 'Pau Torres', 'Dibu Martínez', 'Ollie Watkins', 'Leon Bailey', 'conjunto bonaerense', 'Estadio Mario Alberto Kempes Córdoba', 'Estadio Maracaná', 'Gianpiero', 'Juan Reynoso', 'Pedro Gallese', 'Carlos Zambrano', 'Marcia Succar', 'Zambrano', 'Vanessa López', 'Reynoso', 'Scaloneta', 'Juan Martín Potro', 'Mesa', 'estadio', 'Torre Tandil', 'Marta Corredera', 'Pep', 'Ana Rosell', 'Marta', 'Sarmiento Junín', 'Vélez', 'Banfield', 'José Amalfitani', 'SARMIENTO Estudiantes Plata', 'Jorge Luis Hirschi', 'Luis Lobo Medina', 'Platense', 'Vicente López', 'Eduardo Domínguez', 'José Sosa', 'Matías Godoy', 'Mauro Méndez', 'Alexis Manyoma', 'Racing Club', 'estadio Eva Perón', 'Pablo Lavallén', 'Belgrano', 'Cristian Ojeda', 'Sergio Quiroga', 'historial Estudiantes', 'Sarmiento', 'Verde', 'Mariano Andújar', 'Leonardo Godoy', 'Santiago Núñez', 'Ezequiel Muñoz', 'Gastón Benedetti', 'Jorge Rodríguez', 'Santiago Ascacibar', 'Benjamín Rollheiser', 'Mauro Boselli', 'José Devecchi', 'Gonzalo Bettini', 'Franco Paredes', 'Juan Insaurralde', 'Gabriel Díaz', 'Maico Quiroz', 'Guido Mainero', 'Diego Calcaterra', 'Alan Marinelli', 'Agustín Fontana', 'Jorge Luis Hirschi Árbitro', 'BANFIELD Vélez Sarsfield', 'estadio José Amalfitani', 'Yael Falcón Pérez', 'conjunto Liniers', 'Colón Santa Fe', 'Gigante Arroyito', 'Huracán', 'entrenador Sebastián Méndez', 'Walter Bou', 'Santiago Castro', 'estadio Florencio Solá', 'Julio César Falcioni', 'Gerónimo Rivera', 'Jesús Sorarie', 'Matías González', 'Martín Cañete', 'historial Vélez Sarsfield', 'Fortín', 'formaciones Vélez', 'Gastón Gómez', 'Joaquín García', 'Lautaro Gianetti', 'Valentín Gómez', 'Elías Gómez', 'Nicolás Garayalde', 'Juan Méndez', 'José Florentín', 'Francisco Pizzini', 'Sebastián Méndez', 'Facundo Cambeses', 'Emanuel Coronel', 'Alejandro Maciel', 'Aarón Quirós', 'Emanuel Insúa', 'Eric Remedi', 'Juan Bisanz', 'Jesús Soraire', 'Ignacio Rodríguez', 'Milton Gimenez', 'Estadio José Amalfitani Árbitro', 'Yael Falcón Pérez TV', 'Alexis Mac Allister', 'Jürgen Klopp', 'Ailén Cova', 'Argentinos Juniors', 'Ailén', 'Tatiana Batista', 'Kevin Mac Allister', 'Camila Mayán', 'Alexis', 'Lago Di', 'Kim', 'Mac Allister', 'Juankar', 'Filip Mladenovic', 'Mady Camara', 'Daniel Podence', 'Alberto Brignoli', 'Diego Martinez', 'Ygeia', 'Andre Pollard', 'Bongi Mbonambi', 'Ben O’Keefe', 'Thomas Ramos', 'Curry', 'Bongi', 'Samson Lee', 'Dean Fourie', 'Marco Staden', 'Nicolás Ramírez', 'Chiquito Romero', 'Javier García', 'Lucas Blondel', 'Bruno Valdez', 'Nicolás Valentini', 'Marcelo Saracchi', 'Jorman Campuzano', 'Ezequiel Bullaude', 'Vicente Taborda', 'Juan Ramírez', 'Norberto Briasco', 'Darío Benedetto', 'Lucas Janson', 'Nicolás Figal', 'Bruno Valdéz', 'Marcos Rojo', 'Martes Racing', 'Sábado Boca Juniors', 'Natación Guillermina Ruggiero', 'Guido Buscaglia', 'Matías Santiso', 'María Lucia Barneito', 'Breaststroke Valentina Marcantonio', 'Breaststroke Gabriel Osvaldo Morelli', 'Breaststroke Juan Bautista Carrocia', 'Breaststroke Andrea Berrino', 'Backstroke', 'Ulises Saravia', 'Gastón Hernández', 'Abraham Gabriel Buonarrigo', 'Keven Emmanuel Beauséjour', 'Milagros Rosario Herrera', 'Jucielen Cerqueira Romeu', 'María Florencia Manfredi', 'Esquí 10:00 Violeta Mociulsky', 'Patricio Zohar Álvarez', 'María Belén Serrano Individual Femenino', 'Maricruz Ortiz', 'Gabriela Martínez', 'Montserrat Mejia', 'Alexandra Herrera', 'Angelica Barrios', 'Conrado Moscoso', 'Alejandro Matías Colomino', 'Pedro José Dickson', 'Ingrid Paula Marcipar', 'Olivia Peralta Martínez', 'Ignacio Daniel Pacheco', 'Joel Alejandro Romero', 'Luciana Moyano', 'Ana Zamburek', 'Facundo Bagnis', 'Federico Zeballos', 'Corinne Nicole Quiggle', 'Sarah Schermerhorn Murphy', 'Jake Raymond Macneil', 'Alexander William Russell', 'Elaine Sandra Thompson-Herah', 'Michael Jordan', 'Mariana Pajón', 'Citlali Cristian Moscote', 'Flor Borelli', 'Vincent Hancock', 'Hancock', 'Horacio Gil', 'Melisa Gil', 'Thiago', 'Mateo', 'Ciro', 'cúpula Garzas', 'Jorge Mas', 'Antonella Rocuzzo', 'Sergio Busquets', 'Victoria Adams', 'DeAndre Yedlin', 'Mbappé', 'gesto Yedlin', 'guiños Messi', 'Puyol', 'Ousmane Dembelé', 'Ernesto Valverde', 'Facundo Farías', 'Tomás Avilés', 'David Ruiz', 'Ruiz', 'Edison Azcona', 'Beckham', 'Leo', 'Agustín Canapino', 'Juncos Hollinger Racing', 'Agustín', 'Callum Ilott', 'Ricardo Juncos', 'Ricardo', 'equipo Juncos', 'Laguna Seca', 'Palou', 'Josefina', 'Alejandro Juncos', 'Arrecifes', 'Titán Arrecifes', 'Tony Kanaan', 'Tony', 'Ilott', 'Rafaela', 'Marcus Armstrong', 'Escobar', 'Euge', 'bonaerense', 'Pili Pascual', 'Mary Morgan Howell', 'Ignacia Holscher Castillo', 'Cordillera', 'Christian Bragarnik', 'Sofía Tejo', 'Exaltación Cruz', 'Víctor Blanco', 'Daniel Angelici', 'Bragarnik', 'Fernando Gago', 'Nicolás Uvita Fernández', 'Vélez Sarsfield', 'Liniers', 'Lisandro Martínez', 'Felicidades Christian Bragarnik', 'Ailén Bechara', 'Laura Franco', 'Germán Paoloski', 'Sabrina Garciarena', 'Darian “ Rulo', 'Schijman', 'Ulises', 'Thomas Nicolás Tobar', 'Rusherking', 'Caballito', 'Mariano Monrroy', 'Ferro', 'Eduardo Coudet', 'Sebastián Beccacece', 'Diego Cocca', 'Leonardo Madelón', 'Darío Franco', 'Gustavo', 'Iván Marcone', 'Fernando Dignani', 'Nicolás Tagliafico', 'Fabio Grosso', 'Tagliafico', 'Taglia', 'Agustín Pichot', 'L’Equipe', 'Laurent Blanc', 'Grosso', 'Johann Lepenant', 'Diego Moreira', 'Skelly Alvero', 'Fernando Diniz', 'Eduardo Sasha', 'Nino', 'Felipe Melo', 'Marcelo', 'André', 'Diniz', 'Joel Santana', 'Boca joder', 'Osimhen', 'Rudi García', 'Roberto Calenda', 'Victor', 'Giuseppe Santoro', 'Diego Demme', 'Piotr Zielinski', 'Rodolfo D’Onofrio', 'hincha Boca', 'River', 'Carlos Maslatón', 'Rodolfo', 'D’Onofrio', 'Cavenaghi', 'Emiliano Martínez', 'Emiliano', 'Bizarrap', 'Mandinha', 'Unai Emery', 'hospital Municipal Rocha Faria', 'estadio Maracaná', 'Bruno Macedo Santos', 'Maracana', 'Agustín Rossi', 'Changuito Zeballos', 'Doctor Jorge Batista', 'Sanatorio Trinidad San Isidro', 'Belgrano Córdoba', 'RIbera', 'Zeballos', 'Miguel Merentiel', 'Milton Leyendeker', 'Agropecuario Carlos Casares', 'Pirata', 'Luca Langoni', 'Almirón']",936
Red Devils,"[10114, 10243, 10500, 10245, 10117, 10506, 10250, 10253, 10512, 10384, 10386, 10385, 10260, 10005, 10387, 10265, 10267, 10140, 10269, 10270, 10142, 10274, 10022, 10150, 10029, 10286, 10031, 10161, 10035, 10164, 10422, 10041, 10042, 10428, 10173, 10430, 10434, 10311, 10315, 10187, 10189, 10190, 10449, 10194, 10072, 10329, 10458, 10076, 10333, 10463, 10082, 10086, 10087, 10217, 10347, 10092, 10219, 10094, 10351, 10099, 10231, 10104, 10105]",63,435,Deportes,"['Red Devils', 'final parte', 'Univisión', 'Copa Liga', 'Copa Libertadores', 'Maracaná Río Janeiro', 'Final', 'Río Janeiro', 'Tabla Anual', 'Copa Argentina', 'Premier League', 'Mundial', 'Copa Mundo', 'Eliminatorias Eurocopa', 'Copa Libertadores 2000', 'Carabao Cup', 'Community Shield', 'Supercopa Europa', 'Grupo G', 'Champions League', 'Premier', 'Young Boys', 'Champions', 'Mundial rugby', 'All Blacks', 'Francia', 'Mundiales', 'Copas Mundo', 'Playoffs', 'Copa Mundo 1966', 'Copa Europa', 'Sky Sports', 'MLS', 'Fútbol Club Barcelona', 'Final Mundial fútbol', 'Legends', 'Club', 'Juegos Panamericanos Santiago', 'Juegos Olímpicos Paris', 'Rifle tiradora', 'Taekwondo', 'Competencia medallas', 'final', 'Final B', 'Básquetbol', 'Hombres Grupo C', 'Mujeres Grupo D', 'Boxeo', 'Ciclismo', 'Competencia medallas Final Cross-Country', 'Mountain Bike', 'Escalada', 'Semifinal Bloque', 'Esquí', 'Slalom', 'Wakeboard', 'Hombres Wakeboard', 'Patinaje Skateboarding', 'Final Street', 'Pentatlón', 'Remo', 'Double Sculls W2X', 'Double Sculls', 'Mixtos', 'Octavos', 'Repechaje', 'Tiro', 'Pistola', 'Rifle', 'Juegos Olímpicos París', 'Air Rifle', 'Voley', 'Grupo', 'Beach Voley', 'Grupo B', 'Grupo D', 'UFC', 'Blue Furia ’', 'Redes Sociales Comunicación ‘ Blue Furia ’', 'Barra Charlotte Fútbol Club', 'Red Bull', 'Juegos Panamericanos Santiago Chile', 'Panamericanos Toronto', 'Juegos Olímpicos Río Janeiro', 'Juegos Olímpicos Tokio', 'TyC Sports', 'Panamericanos', 'Liga Profesional', 'Zona', 'Supercopa Internacional', 'Trofeo Campeones', 'Academia', 'Defensa Justicia', 'Asociación', 'Fútbol Argentino', 'Serie', 'Serie A.', 'Top', 'Serie A. domingo', 'Grupo D Champions League', 'Juegos Panamericanos', 'Albiceleste', 'Maratón Masculino', 'Maratón Femenino', 'Dobles', 'Unidos- Basquetbol', 'Cuartos', 'Grupo B Tomás', 'Grupo D -13:30 Doma Ecuestre Maria Manfredi', 'Ronda', 'Ronda Equipos', 'Octavos final', 'Octavos final kg', 'Competencia', 'Cuartos final', 'Ciclismo Road', 'Final Time Trial', 'Fútbol', 'Grupo B Pentatlón', 'Semifinal Mujeres', 'Semifinal B Mujeres', 'Semifinal Hombres', 'Semifinal B Hombres', 'Racquetball', 'Dobles Mujeres', 'Cuartos final Remo', 'Repechaje Double Sculls W2X', 'Lightweight Double Sculls', 'Competición', 'Pistola Clasificación', 'Hombres Skeet Clasificación', 'Competición medallas', 'Escalada Deportiva', 'Mujeres Bloque', 'Hombres Velocidad horas Natación', 'Vóley', 'Mujeres Grupo', 'Ronda Preliminar', 'Jump Overall Ronda Preliminar', 'Preliminar Octavos final', 'ESPN', 'World Rugby', 'Circuito Américas', 'Gestión Deportiva', 'Juegos Juventud', 'Río', 'Panamericano', 'Juego Olímpico', 'España', 'Policía Nacional', 'Antena', 'Policía', 'Centro Servicios Alta Velocidad', 'Televisión Española', 'Mundial Francia', 'Mundo', 'Head Coach', 'Pequeña Final', 'Mundial rugby Francia', 'Coach', 'Eliminatorias rumbo Mundial', 'George Best', 'Jugador Europeo', 'Copa Europa 1967/68', 'Best', 'FA Cup', 'Copa Jules Rimet', 'Leagues Cup', 'División', 'Serie A. equipo', 'Copa América', 'Europa League', 'Goal', 'campeones Premier', 'Mundial Clubes', 'Europa', 'Comisión Española Antidopaje', 'Liga', 'Copa Mundo Qatar', 'Comité Sancionador Antidopaje Comisión Española Lucha Antidopaje Deporte', 'Centenario', 'Confederación Brasileña Fútbol', 'US Open Cup', 'Playoffs MLS', 'Major League Soccer', 'U.S. Open Cup', 'Selección', 'Eliminatorias Sudamericanas', 'Unión', 'Copa Liga Profesional', 'Libertadores', 'Primera División B Asociación Rosarina Básquet', 'Red Star San Lorenzo', 'Red Star', 'B.', 'B Asociación Rosarina Básquetbol', 'Fox Sports', 'Conference League', 'Eliminatorias Mundial', 'Sprint', 'Copas Libertadores', 'Zona B', 'TV Pública', 'ESPN Premium', 'ESPN Premium VÉLEZ', 'TNT Sports', 'Hotel Hilton Barra Tijuca', 'Copacabana', 'Rifle aire equipo Mixto', 'tiradora', 'Trampolín', 'Preliminares', 'Final Relevos', 'Intermedia', 'Intermedia Individual', 'Slalom Femenino Final', 'Slalom Masculino Final', 'Salto Masculino Final', 'Figuras Masculino Final', 'Wakeboard Femenino Final Gimnasia', 'Individual Masculino', 'Individual Femenino', 'Final Pentatlón', 'Final Racquetbol', 'Singles Femenino', 'Dobles Semifinales', 'Dobles Semifinales Remo', 'Doble par', 'Masculino', 'Femenino', 'Final Tenis', 'Singles Femenino Ronda', 'Singles Masculino Ronda', 'Clasificatoria', 'Femenino Grupo A Beach Vóley', 'Juegos', 'Academia Inter', 'Eliminatorias Albiceleste', 'chicos Academia', 'Tal vez transcurrir Champions League', 'Eliminatorias', 'Top Race', 'Copa Mégane', 'Leaders Circle', 'Leader Circle', 'Rookie', 'Stock Car', 'top', 'Long Beach', 'Juegos Nacionales', 'Torneos Nacionales', 'Open', 'Latinoamericano', 'You-We-Wakeboard', 'Doble Invertida', 'Juegos capital', 'Defensa', 'Lista Prohibiciones Agencia Mundial Antidopaje', 'Copa Francia', 'Copa Mundo Rugby', 'Serie B', 'Sudamericana', 'Serie A. Reds', 'Copa Sudamericana', 'Clásico Rio Janeiro', 'Clásico millones']",266
Manchester United,"[10243, 10500, 10245, 10117, 10250, 10506, 10253, 10384, 10385, 10386, 10387, 10260, 10005, 10265, 10267, 10140, 10142, 10270, 10274, 10022, 10150, 10031, 10035, 10164, 10041, 10042, 10428, 10173, 10430, 10434, 10315, 10187, 10190, 10449, 10194, 10327, 10072, 10329, 10458, 10076, 10333, 10463, 10082, 10339, 10086, 10087, 10217, 10219, 10347, 10092, 10094, 10351, 10231, 10104, 10105]",55,273,Deportes,"['Manchester United', 'Sheffield United', 'simpatizante Sheffield', 'Manchester City', 'Arsenal', 'Old Trafford', 'City', 'Atlético Madrid', 'Celta Vigo', 'Atlético', 'Celta', 'Balaídos', 'Morata', 'Real Madrid', 'tanto Celta', 'LaLiga', 'Fluminense', 'Ribera', 'Flamengo', 'Bragantino', 'Damac', 'Al-Awwal Park', 'lusitano', 'Juventus', 'Sporting Lisboa', 'Portugal', 'Barcelona', 'PSG', 'Inter Miami', 'Marcelinho Carioca', 'Juninho Pernambucano', 'Sevilla', 'Madrid', 'Casablanca', 'Girona', 'Almería', 'Brighton And Hove', 'Etihad Stadium', 'Liverpool', 'Newcastle', 'Tottenham', 'Stade France', 'Georgia', 'Stade Vélodrome', 'Marsella', 'Florida', 'New York RB', 'Bramall Lane', 'Birmingham', 'Middlesbrough', 'Théâtre Châtelet', 'París', 'Miami', 'Espanyol Barcelona', 'Inter', 'Mint City Collective', 'Inter Messi', 'Porto Portugal', 'Calciomercato', 'Milan', 'Benfica', 'Chelsea', 'Córdoba', 'Brighton', 'Rioja', 'Talleres Córdoba', 'Arsenal Sarandí', 'Torino', 'Turín', 'Calcio', 'Capocannoniere', 'Inter Milán', 'Napoli', 'Lazio', 'Fiorentina', 'Milán', 'Rossonero', 'Roma', 'Mujeres Park', 'Hombres Park', 'Texas', 'Córdoba CF', 'Andalucía', 'AVE', 'Renfe', 'Córdoba-Málaga', 'canal Renfe', 'Stade France Saint-Denis', 'Saint-Denis', 'Stamford Bridge', 'Gunners', 'Brentford', 'United', 'Serie Italia', 'Atalanta', 'Inter Milan', 'Sassuolo', 'Salernitana', 'West Ham United', 'Corinthians', 'Italia', 'Betis', 'Elche', 'Gremio Porto Alegre', 'Inter Miami CF', 'futbolista Barcelona', 'París Saint-Germain', 'West Ham', 'Fulham', 'Valdebebas', 'Instituto Córdoba', 'Everton', 'Málaga', 'Palmeiras', 'estadio Vasco Gama', 'Londres', 'mudanza Barcelona', 'Casteldefels', 'Kansas', 'Philadelphia Union', 'Iowa', 'Elche CF', 'Olympique Lyon', 'Ligue', 'Clermont', 'Lyon', 'París Saint Germain', 'Olympique', 'Brasileirao', 'Botafogo', 'Inter Porto Alegre', 'Cruzeiro', 'Torneo Carioca', 'Vasco Da Gama', 'Scudetto', 'Bologna', 'institución sur Italia', 'Udinese', 'Chievo Verona', 'Manchester', 'Vasco Gama', 'Globoesporte', 'Vasco', 'Brasileiro']",144
Penalti expulsión,"[10243, 10500, 10245, 10250, 10506, 10384, 10512, 10386, 10387, 10260, 10265, 10267, 10140, 10142, 10270, 10274, 10022, 10150, 10029, 10286, 10031, 10035, 10164, 10422, 10041, 10042, 10173, 10434, 10311, 10315, 10189, 10190, 10449, 10194, 10327, 10072, 10329, 10458, 10076, 10333, 10082, 10339, 10085, 10087, 10217, 10347, 10092, 10351, 10099, 10104, 10105]",51,114,Deportes,"['Penalti expulsión', 'equipo', 'rachas delanteros', 'mundo', 'club', 'podio goleadores tiros', 'trifulca', 'resultado', 'atacante', 'juez tiro visita', 'victoria', 'resultado duelo', 'embargo derrota Australia', 'gol', 'elenco', 'futbolista', 'futbolistas', 'multitud jugadores', 'partidos', 'gimnasio pista', 'deportista satisfacción', 'podio', 'pista', 'atletismo', 'situaciones corredores', 'argentinos', 'Equipo', 'duelos', 'deportista', 'pelea', 'hinchada', 'aficionados', 'vez equipo', 'jugador', 'elencos', 'encuentro', 'delantero selección', 'emociones duelo', 'centro córner', 'resumen victoria', 'campeón', 'deporte', 'nadadora', 'potencial equipo', 'día derrota Pumas', 'jugarnos partido', 'rugby nivel', 'derrota', 'equipo claro', 'muchachos', 'ingleses', 'empate', 'goles', 'técnico', 'entrenadores', 'garra futbolista', 'volante', 'plantel', 'gente club', 'campeón mundo', 'padre vicepresidente club', 'boludos', 'triunfo', 'respuesta técnico', 'jugadores', 'entrenador Xeneize', 'deportistas', 'partido', 'triunfo León', 'entrenador', 'partido equipos fútbol', 'plantel xeneize', 'simpatizantes', 'atleta', 'balance pasos', 'año equipo autos', 'carreras autos', 'solo gimnasio karting', 'pilotos', 'equipos mundo', 'bichito deporte', 'campeona mundo especialidad', 'lateral', 'delantero director equipo', 'jugador bíceps', 'arquero', 'equipo certamen', 'local gol', 'arquero Flamengo', 'delantero']",90
Argentina,"[10114, 10500, 10117, 10245, 10506, 10250, 10253, 10384, 10385, 10386, 10387, 10260, 10265, 10140, 10274, 10150, 10029, 10286, 10031, 10161, 10035, 10164, 10422, 10042, 10428, 10173, 10434, 10311, 10189, 10190, 10194, 10072, 10458, 10333, 10082, 10085, 10086, 10087, 10217, 10219, 10092, 10347, 10094, 10351, 10099, 10104, 10105]",47,178,Deportes,"['Argentina', 'Cuba', 'Brasil', 'Eslovaquia', 'Bosnia', 'Canadá', 'Estados Unidos', 'México', 'Liechtenstein', 'Islandia', 'Belgrado', 'Alemania', 'Suiza', 'Nueva Zelanda', 'Sudáfrica', 'Inglaterra', 'Fiji', 'Australia', 'Samoa', 'Irlanda', 'Namibia', 'Escocia', 'Bretaña', 'Japón 2019', 'Japón', 'Gales', 'Inglaterra 1966', 'Maratón Buenos Aires', 'Buenos Aires', 'Uruguay', 'Martes Brasil', 'Asia', 'Paraguay', 'Afganistán', 'Carolina Norte', 'Perú', 'Sudamérica', 'Premio Estados Unidos', 'GP Estados Unidos', 'Lima', 'Emiratos Árabes Unidos', 'Costa Rica', 'Mundial Australia', 'Ciudad México', 'Colombia', 'Ecuador', 'Bolivia', 'Venezuela', 'Tonga', 'Rumania', 'Formaciones Inglaterra', 'Yugoslavia', 'Polonia', 'Montevideo', 'China', 'Alianza Lima', 'Nacional Lima', 'Sur', 'Jamaica', 'Tokio', 'Honduras', 'Continente', 'Liga Estados Unidos', 'campaña Argentina', 'Bogotá', 'Corea Sur', 'Corea', 'cabeza Bogotá', 'provincia Buenos Aires', 'Panam', 'Nigeria']",71
ocasiones,"[10114, 10243, 10500, 10245, 10250, 10253, 10386, 10387, 10267, 10269, 10142, 10274, 10022, 10150, 10286, 10031, 10035, 10422, 10041, 10428, 10173, 10430, 10434, 10311, 10189, 10190, 10449, 10327, 10072, 10076, 10333, 10463, 10339, 10085, 10086, 10087, 10217, 10347, 10219, 10092, 10351, 10099, 10231, 10105]",44,108,Deportes,"['ocasiones', 'decisión', 'manera', 'acción', 'parte', 'embargo', 'otra despedida', 'entidad', 'Conferencia', 'influencia infancia', 'oportunidad', 'vida atleta', 'ventaja', 'profesión', 'obstante lesiones', 'carrera', 'obstante', 'Diciembre Vacaciones actividad', 'Inicio temporada', 'institución', 'actividad', 'noticia día', 'prueba', 'pruebas Clean&Jerk', 'ganadora prueba', 'velada', 'repetición', 'marplatense final carrera', 'Pese frustración oro', 'delegación', 'emoción', 'mayoría veces deportistas', 'historia', 'idea', 'motivación', 'sensación', 'empuje jerarquía', 'mitad', 'obstante insistencia', 'noticia', 'autoridades liga', 'expectativa', 'vez conferencia prensa', 'etapa', 'miércoles prueba fuego', 'noticia control', 'fuerza', 'aires esperanza', 'reacción', 'embargo jugada', 'pese rendimiento', 'embargo puertas', 'internacional', 'decisión Brighton', 'testigos incidente', 'organización', 'parte seguridad', 'incorporación refuerzos renombre', 'vida Europa', 'elección', 'receta', 'nota', 'felicidad', 'alianza', 'mayoría', 'información', 'frase', 'competencias', 'presión cabeza', 'dudas', 'descripción', 'pesar voluntad', 'vez cucarachas fritas', 'situación', 'siquiera competencia', 'vida', 'serie', 'influencia', 'espera alternativa', 'veces', 'lógica', 'temporada', 'continuación', 'canción']",84
escena,"[10243, 10245, 10117, 10250, 10384, 10385, 10386, 10387, 10260, 10005, 10265, 10267, 10140, 10270, 10022, 10150, 10286, 10031, 10164, 10422, 10430, 10434, 10311, 10187, 10315, 10189, 10190, 10449, 10194, 10327, 10072, 10458, 10076, 10333, 10463, 10082, 10339, 10085, 10086, 10087, 10092, 10351, 10231]",43,69,Deportes,"['escena', 'plan Benítez', 'aspecto', 'valor boleto', 'Respecto', 'colmo', 'lado', 'leyenda juego', 'trabajos', 'escenario', 'juego', 'momento', 'sentido', 'video minutos', 'video', 'proyecto', 'enfoque', 'reglamento', 'logro', 'principio', 'programa', 'canal', 'rompecabezas', 'cierre', 'ejecución', 'respecto foco', 'análisis', 'combinado', 'Pese cuadro', 'punto', 'respecto', 'problema', 'tipo', 'hecho', 'trabajo', 'resultados juego', 'proceso cargo', 'fastidio', 'descuido', 'número', 'respuesta número mundo inmediato', 'compromiso', 'recinto', 'cuadro', 'valor entradas', 'caso', 'diferencia respecto', 'conocimiento', 'ítem', 'caos', 'lugar atención', 'sacrificio', 'episodio jarabe', 'símbolo desconcierto', 'perfil', 'capítulo desamor', 'orgullo']",57
domingo,"[10114, 10243, 10500, 10245, 10250, 10253, 10512, 10386, 10387, 10005, 10265, 10267, 10270, 10274, 10022, 10286, 10031, 10161, 10422, 10041, 10042, 10434, 10311, 10187, 10189, 10449, 10194, 10327, 10072, 10076, 10085, 10086, 10087, 10347, 10351, 10231]",36,62,Deportes,"['domingo', 'sueño', 'jueves', 'falta minutos', 'tiempo', 'viernes octubre', '2015', 'Instantes', 'años', 'meses', 'sábado compañero', 'martes', 'semanas descanso', 'Octubre', 'Noviembre Jueves Argentina', 'Enero', 'Febrero', 'Sábado', 'diciembre', 'neerlandés años', 'noche', 'scrum minutos tiempo scrum', 'Minutos', 'año', 'Segundos', 'futbolista años', 'miércoles', 'fin año', 'segundos', 'fines julio', 'zaguero años', 'enero', 'Naciones 2016', 'viernes', 'días', 'día', 'semana', 'mes', 'mañana', 'tan años', 'sueño punta años']",41
liga Arabia Saudita,"[10243, 10500, 10250, 10253, 10386, 10265, 10140, 10035, 10422, 10042, 10428, 10430, 10434, 10458, 10333, 10086, 10094, 10099, 10231]",19,42,Deportes,"['liga Arabia Saudita', 'Al-Nassr', 'Al-Hilal', 'Riad', 'Ali Daei', 'Nassr', 'Qatar', 'Mohamed Salah', 'Al-Harbi', 'Al-Nassr Club', 'Abha', 'Hilal Neymar', 'Abu Dhabi', 'Afganistán Javid Basharat', 'Basharat', 'Consejo Deportes Emiratos Abu Dhabi', 'Estadio Hazza bin Zayed Ain', 'Mundial Qatar', 'Arabia Saudita', 'Hilal', 'Khaleej', 'Familia Hilal', 'Mundial Abu Dhabi', 'Antonio Mohamed']",24
imagen,"[10243, 10500, 10085, 10087, 10217, 10458, 10189, 10094, 10351, 10386, 10387, 10260, 10005, 10422, 10105, 10042, 10140]",17,21,Deportes,"['imagen', 'cifras', 'sensaciones', 'obras', 'declaraciones', 'artículo mención estrellas', 'presentaciones', 'ediciones', 'experiencias', 'palabras', 'formas', 'estrellas', 'cosas', 'maneras', 'señales', 'imágenes pulguita años', 'imágenes', 'Estrellas']",18
suerte Merengues,"[10274, 10085, 10311, 10217, 10187, 10092, 10253, 10385, 10386, 10333, 10422, 10041, 10458, 10428, 10173, 10265]",16,20,Deportes,"['suerte Merengues', 'camino', 'cumpleaños', 'hermanos Ailen', 'chica', 'hombre', 'familia', 'Dios', 'hermanos', 'fortuna marplatense', 'esposa', 'novio', 'papá', 'regalo', 'suerte amigo', 'amigos familiares', 'parecido actriz', 'fiesta bodas', 'Apártense camino', 'relación hombre']",20
Spotify,"[10434, 10311, 10087, 10187, 10253, 10094, 10351, 10386, 10333, 10422, 10231, 10265, 10428, 10269, 10430]",15,17,Deportes,"['Spotify', 'Twitter', 'internet', 'Instagram', 'Internet', 'WhatsApp', 'Netflix Cielo']",7
wow,"[10500, 10085, 10117, 10311, 10029, 10189, 10031, 10253, 10386, 10333, 10327, 10140, 10173]",13,15,Deportes,"['wow', 'Vale', 'Obvio', 'verdad', 'Cosa', 'Gracias', 'Feliz', 'Pues', 'Pues tanto', 'Extraña']",10
CRISTIANO,"[10243, 10250, 10092, 10351, 10384, 10194, 10035, 10428, 10422, 10329, 10076, 10463]",12,15,Deportes,"['CRISTIANO', 'PARTIDO', 'INTER MIAMI', 'DOS', 'ARGENTINOS', 'CHELSEA', 'ARSENAL', 'RESUMEN', 'COMUNICADO', 'UNO', 'AGENDA', 'AGENDA DÍA ARGENTINOS Clavados', 'LEYENDO', 'CHRISTIAN', 'OLGA']",15
Verstappen,"[10114, 10243, 10022, 10250, 10092, 10286, 10190, 10385, 10387, 10164, 10231, 10430]",12,55,Deportes,"['Verstappen', 'Alejo Suter', 'Suter', 'Max Vertappen', 'Austin', 'pole position', 'Lewis Hamilton', 'Ferrari', 'McLaren', 'Alpine', 'Hamilton', 'Max', 'Mundial Fórmula', 'neerlandés Max Verstappen', 'Mad Max', 'circuito Austin', 'TOP CLASIFICACIÓN Max Verstappen', 'George Ford', 'Monza', 'AC Monza', 'domingo Monza', 'Max Verstappen', 'Fórmula', 'roce Verstappen', 'Spa-Francorchamps', 'Shelly-Ann Fraser-Pryce', 'Indianápolis', 'Canapino', 'Ferrari Driver Academy', 'Scuderia', 'Romain Grosjean', 'Rosenqvist', 'IndyCar', 'reglamente IndyCar', 'Chevrolet', 'Ford', 'Indy500', 'Arrow McLaren', 'Grosjean', 'Ganassi']",40
Pumas,"[10434, 10150, 10217, 10347, 10189, 10190, 10384, 10161, 10386, 10072, 10428, 10333]",12,17,Deportes,"['Pumas', 'Panteras', 'Dragones Rojos', 'Pumas Bronce', 'Casa Pumas', 'Springboks', 'Diablos Rojos', 'Reds', 'Sharks', 'Bleus', 'Irapuato']",11
tickets categoría,"[10114, 10217, 10092, 10286, 10031, 10384, 10387, 10164, 10042, 10267, 10140, 10173]",12,16,Deportes,"['tickets categoría', 'oro', 'ganador', 'medalla oro', 'vencedora', 'Premio', 'trofeo', 'Mención', 'Orden Mérito', 'Categoría', 'Premio Bélgica', 'Distinciones', 'premio', 'categoría']",14
punta,"[10274, 10187, 10347, 10189, 10351, 10512, 10161, 10387, 10164, 10005, 10140]",11,13,Deportes,"['punta', 'certamen cara cara ganador', 'mirada', 'baja', 'cama', 'golpe corazón', 'cara', 'altura', 'patada', 'cara duelo', 'cama partes', 'vuelta', 'lágrimas rostro']",13
árbitro,"[10274, 10217, 10253, 10094, 10031, 10351, 10190, 10005, 10267, 10430]",10,11,Deportes,"['árbitro', 'Conmebol', 'AFA', 'FIFA', 'Árbitro', 'CBF', 'UEFA', 'AMA']",8
Presidente Nación,"[10274, 10500, 10245, 10217, 10029, 10190, 10329, 10042, 10269]",9,10,Deportes,"['Presidente Nación', 'Ciudadanos', 'Suplentes', 'Presidente Honorario', 'Ciudadano', 'Señores', 'Villanos', 'Países Bajos', 'Decano']",9
´ vos,"[10500, 10085, 10286, 10190, 10385, 10387, 10428]",7,12,Deportes,"['´ vos', '´', '´ pá', 'C', 'Ox Nche', 'N', 'D gimnasia', 'Warm Up', 'T', 'M', 'Duki']",11
Leipzig,"[10311, 10217, 10347, 10190, 10042, 10076, 10142]",7,7,Deportes,"['Leipzig', 'Brecht Dejaegere', 'Salzburgo', 'Kolbe', 'Desastre Múnich', 'Kaiser']",6
Bamba,"[10245, 10022, 10194, 10458, 10428, 10270]",6,6,Deportes,"['Bamba', 'Blues', 'Apache', 'Konga']",4
Información EFE,"[10085, 10022, 10386, 10387, 10422, 10329]",6,6,Deportes,"['Información EFE', 'Infobae', 'Télam']",3
superastro,"[10217, 10029, 10094, 10386, 10260, 10041]",6,6,Deportes,"['superastro', 'español', 'astro', 'inglés', 'venezolano', 'dominicano']",6
diario,"[10243, 10217, 10347, 10327, 10105]",5,5,Deportes,"['diario', 'The Telegraph', 'Gazzetta dello Sport', 'Periódico']",4
VAR,"[10092, 10384, 10194, 10386, 10042]",5,6,Deportes,"['VAR', 'W2-', 'M2-', 'DRV PNK Stadium']",4
F1,"[10114, 10022, 10286, 10387, 10164]",5,9,Deportes,"['F1', 'GP domingo', 'Q3', 'DRS', 'RB', 'GP', 'TC', 'TC Pista']",8
DT,"[10434, 10351, 10449, 10329, 10428]",5,8,Deportes,"['DT', 'Flu', 'DT Almirón']",3
rosa,"[10072, 10422, 10189, 10286]",4,4,Deportes,"['rosa', 'ladrillo', 'pedazo mierda', 'nieve']",4
reggaeton,"[10449, 10387, 10029, 10286]",4,4,Deportes,"['reggaeton', 'ritmo Verstappen', 'ritmo', 'trance']",4
Bombo,"[10161, 10315, 10270, 10351]",4,4,Deportes,"['Bombo', 'Cilindro']",2
lesión tobillo,"[10250, 10253, 10327]",3,5,Deportes,"['lesión tobillo', 'lesión', 'ruptura ligamento', 'parto', 'gestación']",5
Pincha,"[10329, 10031, 10351]",3,3,Deportes,['Pincha'],1
Siniša Mihajlović,"[10339, 10274, 10035]",3,8,Deportes,"['Siniša Mihajlović', 'HSK Zrinjski', 'Olympiacos', 'Panathinaikos', 'estadio Georgios Karaiskakis', 'Georgios Vagiannidis', 'Alexandros Paschalakis', 'Pireo']",8
Misiones,"[10386, 10085, 10150]",3,3,Deportes,"['Misiones', 'atracciones', 'Fiestas']",3
Superé,"[10286, 10085, 10270]",3,3,Deportes,"['Superé', 'Consolidó', 'Largó']",3
Zico,"[10506, 10035, 10422]",3,3,Deportes,"['Zico', 'Luan', 'Gérson']",3
Fecha,"[10329, 10194, 10506]",3,3,Deportes,"['Fecha', 'Hora', 'fecha']",3
Levantamiento pesas,"[10164, 10092, 10150]",3,3,Deportes,"['Levantamiento pesas', 'movimiento']",2
knock-on,"[10189, 10430, 10231]",3,3,Deportes,"['knock-on', 'Finalissima']",2
Integra,"[10274, 10500]",2,2,Deportes,"['Integra', 'Conjunto']",2
Bicolor,"[10506, 10311]",2,2,Deportes,"['Bicolor', 'Rubro-Negro']",2
Saint Petersburgo,"[10387, 10422]",2,2,Deportes,"['Saint Petersburgo', 'St']",2
pensamientos,"[10217, 10315]",2,2,Deportes,"['pensamientos', 'mentes']",2
dardos,"[10458, 10286]",2,2,Deportes,"['dardos', 'cortocircuitos']",2
nudo,"[10217, 10190]",2,2,Deportes,"['nudo', 'tridente']",2
Camp,"[10506, 10087]",2,2,Deportes,"['Camp', 'Campo']",2
antifaz,"[10035, 10085]",2,2,Deportes,"['antifaz', 'auriculares']",2
Més,"[10327, 10087]",2,2,Deportes,"['Més', 'Ona']",2
Claudio Bonus,"[10104, 10386]",2,2,Deportes,"['Claudio Bonus', 'bonus track estancia']",2
esférico,"[10041, 10035]",2,2,Deportes,"['esférico', 'pelota']",2
cámaras,"[10042, 10087]",2,2,Deportes,"['cámaras', 'grúas']",2
Vos,"[10029, 10245]",2,2,Deportes,['Vos'],1
cupos,"[10387, 10031]",2,2,Deportes,"['cupos', 'costos']",2
Dificultad,"[10092, 10150]",2,2,Deportes,['Dificultad'],1
Snatch,"[10092, 10150]",2,2,Deportes,"['Snatch', 'Tricks']",2
cuenta X,[10434],1,1,Deportes,['cuenta X'],1
Acumula,[10449],1,1,Deportes,['Acumula'],1
Busan,[10422],1,1,Deportes,['Busan'],1
hater,[10387],1,1,Deportes,['hater'],1
garantía,[10387],1,1,Deportes,['garantía'],1
TikTok,[10458],1,1,Deportes,['TikTok'],1
Ava,[10500],1,1,Deportes,['Ava'],1
2024,[10387],1,2,Deportes,"['2024', 'objetivo 2024']",2
Dok-Haras,[10428],1,1,Deportes,['Dok-Haras'],1
tailgate,[10104],1,1,Deportes,['tailgate'],1
favor,[10347],1,1,Deportes,['favor'],1
Corredera,[10327],1,1,Deportes,['Corredera'],1
AZ Alkmaar,[10274],1,1,Deportes,['AZ Alkmaar'],1
Vini,[10041],1,1,Deportes,['Vini'],1
tac,[10267],1,1,Deportes,['tac'],1
Terbutalina,[10250],1,1,Deportes,['Terbutalina'],1
Tomé,[10250],1,1,Deportes,['Tomé'],1
Maro Itoje,[10190],1,1,Deportes,['Maro Itoje'],1
Kyorugi,[10092],1,1,Deportes,['Kyorugi'],1
viajero,[10187],1,1,Deportes,['viajero'],1
Reserva,[10512],1,1,Deportes,['Reserva'],1
Alpha Lithium,"[10368, 10369, 10370, 10371, 10372, 10513, 10514, 10003, 10135, 10008, 10143, 10154, 10030, 10158, 10421, 10424, 10493, 10300, 10435, 10053, 10446, 10324, 10198, 10467, 10084, 10342, 10473, 10090, 10488, 10364, 10365]",31,251,Economía,"['Alpha Lithium', 'Alpha', 'activos Alpha', 'PI Financial Corp', 'Transición Energética', 'Observatorio Derecho Social CTA', 'Scentia', 'Banco Central', 'BBVA', 'acción Banco Central', 'Estimaciones', 'Comisión Nacional Valores', 'Santander Valores', 'Santander Valores S.A.', 'Resolución General', 'Gobierno', 'Sociedad Bolsa Santander Valores', 'Economía', 'Nación', 'Fondo Monetario Internacional', 'Fondo', 'Tesoro', 'Secretaría Finanzas', 'Ministerio Economía', 'Administración Central', 'Aurum Valores', 'Central', 'Aurum', 'Banco Mundial', 'Corporación Andina Fomento', 'ministro Economía', 'Unión Patria', 'Gabinete', 'Programación Económica', 'Hacienda', 'Legal Técnico', 'Comercio', 'Negociaciones Financieras Internacionales', 'Palacio Hacienda', 'Foro Iniciativa Franja', 'Ruta', 'Pan Gongsheng', 'Banco Pueblo', 'Banco Central Chino', 'Banco Central Argentina', 'Iniciativa Ruta Seda', 'China Development Bank', 'ICBC', 'Bank of China Limited', 'hambre dólares Gobierno', 'Agricultura', 'Cámara Industria', 'Carnes', 'Derivados', 'Organización Mundial Comercio', 'Diálogo Chino', 'Ministerio Agricultura', 'Mister Lithium', 'Iniciativa Franja', 'Cooperación Espacial', 'Comisión Nacional Actividades Espaciales', 'China National Space Administration', 'Cooperación', 'Centro Aplicaciones Teledetección Remota Satelital Terrestre', 'Servicio Nacional Aplicación Océano', 'Satélite', 'State Power Investment Corporation Limited', 'Acuerdo Universidad Defensa Nacional', 'Universidad Defensa Nacional China', 'Plan Acción Estratégico', 'Cooperación Agrícola', 'Ministerio Agricultura Argentina', 'Ministerio Desarrollo Productivo Argentina', 'Ministerio Comercio', 'Bancos Centrales', 'Asociación Trabajadores Industria Láctea', 'Estado', 'Asociación Trabajadores Industria Lechera', 'Juntos Cambio', 'Facultad Derecho', 'Poder Ejecutivo', 'Fondo Monetario', 'Congreso', 'Derechos Especiales Giro', 'Puertos', 'P&P Negocios Inmobiliarios', 'datos Cámara Industria Comercio Carnes', 'Cámara', 'Bolsa', 'sociedad Bolsa', 'Cocos Capital', 'Global', 'Globales', 'Outlier', 'Plan Platita', 'Libertad Avanza', 'Libertad', 'Progreso', 'Director Libertad', 'AdCap Grupo Financiero', 'Canal Net', 'M2 M Capital Management', 'Eco Go', 'Delphos Investments', 'Managing Partner', 'Adcap Grupo Financiero', 'Unión', 'Patria', 'marco Precios Justos', 'Senado', 'Diputados', 'Promoción', 'Gas Natural Licuado', 'Secretaría Asuntos Estratégicos Presidencia Nación', 'Secretaría Energía', 'ministro', 'programa Previaje', 'Turismo Deportes', 'Unión Europea', 'Banco Central Mauricio Macri', 'candidato-ministro', 'Presidente', 'Aduana', 'Programa Incremento Exportador', 'Centro Agronegocios', 'Alimentos', 'Capital Economics', 'Mercado Cambios', 'Wall Street', 'Tesoro EEUU', 'Transportadora Gas Sur', 'Central Puerto', 'Comisión', 'candidato Unión Patria', 'controles Gobierno', 'ETF Global X MSCI', 'Bolsa porteña', 'Mogador Capital', 'CEO of Gear Capital Partners', 'Instituto Finanzas Internacionales', 'banco Barclays', 'Vice Presidente', 'banco Pactual', 'Cámara Baja', 'Citi', 'Ministro Finanzas', 'General Pacheco', 'Mercado', 'Cambios', 'Cuentas Corrientes', 'General Motors Argentina', 'bursátil', 'FM Milenium', 'Mercado Abierto Electrónico', 'IAE Business School', 'datos Banco Central', 'Fuentes Confederación Entidades Comercio', 'Hidrocarburos Afines', 'Noticias Argentinas', 'Pan American Energy']",160
Salta,"[10368, 10369, 10370, 10372, 10513, 10514, 10003, 10135, 10008, 10143, 10154, 10030, 10158, 10421, 10424, 10493, 10435, 10053, 10446, 10324, 10198, 10467, 10084, 10342, 10473, 10090, 10488, 10364, 10365]",29,91,Economía,"['Salta', 'Catamarca', 'Argentina', 'Toronto', 'Canadá', 'Australia', 'Chile', 'China', 'Autónoma', 'Qatar', 'Uruguay', 'Beijing', 'Estados Unidos', 'Gezhouba', 'República Argentina', 'Brasil', 'India', 'OMC', 'Sudámerica', 'EEUU', 'América Latina', 'Xi Jinping', 'Sunchales', 'Yrigoyen', 'Canning', 'CABA', 'Israel', 'EE.UU.', 'Venezuela', 'Conurbano', 'Córdoba', 'Washington', 'Nueva York', 'Buenos Aires', 'Neuquén', 'Chubut', 'Mercosur', 'provincia Buenos Aires', 'Universidad Austral', 'América', 'Salón Belgrano', 'Perón', 'Alvear', 'Rosario', 'GM Argentina', 'Área Metropolitana Buenos Aires']",46
Fortín Piedra,"[10368, 10369, 10370, 10371, 10372, 10513, 10514, 10003, 10135, 10008, 10143, 10154, 10030, 10158, 10421, 10424, 10493, 10300, 10435, 10446, 10324, 10467, 10084, 10342, 10473, 10090, 10488, 10364, 10365]",29,248,Economía,"['Fortín Piedra', 'Vaca Muerta', 'Salar Hombre Muerto', 'Brad Nichol', 'Jorge Dimópulos', 'Hombre Muerto', 'economista Luis Campos', 'Ripte', 'Fernando Marull', 'Alberto Fernández', 'Miguel Pesce', 'Milei', 'Mauricio Macri', 'Alfonso Prat Gay', 'Macri', 'Cristina Fernández Kirchner', 'Leliqs', 'Pablo Repetto', 'CFK', 'Leliq', 'cálculos Repetto', 'Repetto', 'Cristina Kirchner', 'Economía exministro Martín Guzmán', 'Sergio Massa', 'Guzmán', 'Gabriel Rubinstein', 'Gabriel Rubinstein & Asociados', 'Rubinstein', 'Ricardo López Murphy', 'Leonardo Madcur', 'Raúl Rigo', 'Ricardo Casal', 'Matías Tombolini', 'Marco Lavagna', 'Lisandro Cleri', 'Pesce', 'Massa', 'Carlos Melconian', 'río Santa Cruz', 'Agustín Gérez', 'Máximo Kirchner', 'Martín Redrado', 'Juan José Bahillo', 'provincia Santa Fe', 'Juliana González Jáuregui', 'Universidad Nacional San Martín', 'Joe Lowry', 'Elida Thiery', 'Thiery', 'Confederación Asociaciones Rurales Santa Fe', 'Lácteos Vidal', 'Lácteos Mayol', 'Patricia Bullrich', 'Paulina Mayol', 'Bullrich', 'Massa Presidente', 'Sergio Massa-', 'Casa Rosada', 'José Ignacio Viñas', 'Escobar', 'Viñas', 'Germán Mieres', 'Pilar Mieres Propiedades', 'Pilar', 'Jack Nicklaus', 'Mieres', 'José Iribarren', 'Iribarren', 'San Vicente', 'Paula Peñal', 'Saint Thomas', 'Peñal', 'ejemplo Bell Barri', 'Gastón Mazzei', 'Mazzei Propiedades', 'Mazzei', 'Bell Barri', 'USDT', 'Ignacio Carballo', 'Ariel Sbdar', 'Nicolás Mindlin', 'Sbdar', 'Javier Milei', 'Gabriel Caamaño', 'Juan Manuel Truffa-', 'Juan Schiaretti', 'Myriam Bregman', 'Schiaretti', 'Bregman', 'triunfo Massa', 'plan Milei', 'caso Massa hoja ruta', 'frase Milei', 'Ministro Economía Sergio Massa', 'Javier Timerman', 'Timerman', 'economista Marina Dal Poggetto', 'Salvador di Stéfano', 'Dal Poggetto', 'Diego Ferro', 'Brad Setser', 'Sebastián Menescaldi', 'Ledesma', 'Fernando Baer', 'Christian Buteler', 'Jorge Neyro', 'Luis Secco', 'Bahía Blanca', 'Pablo González', 'Pablo Iuliano', 'Santa Cruz', 'Flavia Royón', 'Potrero Funes', 'Matías Lammens', 'San Luis', 'Alberto Rodríguez Saá', 'Luis Caputo', 'Horacio Rodríguez Larreta', 'ministro Economía Sergio Massa', 'Dante Romano', 'Salvador Di Stefano', 'Martín Polo', 'Cohen', 'Martín Guzmán', 'definiciones Massa', 'JP Morgan', 'Guillermo Mondino', 'ballotage Massa-Milei', 'Mondino', 'Kicillof', 'campaña”-respondió Mondino', 'Jorge Piedrahita', 'Robin Brooks', 'Morgan Stanley', 'Milei-Massa', 'Barclays Pilar Tavella', 'Ivan Stambulsky', 'Jaime Reusche', 'estructura Massa', 'Dirk Willer', 'Sergio Armella', 'Goldman Sachs Group', 'Arturo Porzecanski', 'Carlos Menem', 'Ferreyra', 'Santa Isabel', 'Zárate', 'Sergio Massa Unión', 'Di Stefano', 'Martín Calveira']",151
oferta,"[10368, 10369, 10370, 10371, 10372, 10513, 10514, 10003, 10135, 10008, 10143, 10154, 10030, 10158, 10421, 10424, 10300, 10435, 10446, 10324, 10198, 10084, 10342, 10473, 10090, 10488, 10364, 10365]",28,87,Economía,"['oferta', 'pérdida poder', 'licuación poder', 'demanda instrumentos', 'salto cotización', 'mercados', 'dólar', 'cálculo elaboración cuadro', 'gráfico trabajo', 'método', 'volatilidad tipo cambio', 'moneda', 'anuncio desembolso', 'evolución comercio', 'tiempo compras resto mundo', 'comercio', 'país', 'paro', 'movimiento', 'cuestión dólar', 'estrategia salto ancla', 'bala plata', 'margen gasto', 'parejas seguridad espacio hijos', 'requisito', 'acuerdo datos', 'acuerdo estudio', 'precios', 'precio', 'mercado', 'Bitcoin', 'cotización', 'escenario demanda dólares', 'huida pesos', 'mercado expectativa', 'Noticia desarrollo', 'problema', 'caída exportaciones', 'dilema', 'inflación', 'potencial oro plata', 'modelo explotación Chile', 'acuicultura', 'magnitud desafío', 'posibilidad escenario', 'mercados días', 'riesgo', 'economía', 'incertidumbre camino país', 'semanas huída peso', 'devaluación', 'riesgos inversores', 'aceleración jornadas', 'temores', 'evolución', 'tiempo', 'ajuste expectativas devaluación tipo cambio', 'mínimo', 'coyuntural', 'esquema', 'mercado expectativa probabilidad', 'fenómeno', 'contrato dólar', 'baja', 'caída', 'Informes bancos inversión', 'tasas interés', 'precio precio', 'pesar implementación tipos cambio', 'incremento', 'incremento precios combustibles', 'ajuste', 'tipo cambio', 'acuerdo congelamiento', 'aumento']",75
embargo,"[10368, 10369, 10370, 10371, 10372, 10513, 10003, 10135, 10008, 10143, 10154, 10158, 10030, 10421, 10424, 10493, 10300, 10435, 10446, 10324, 10198, 10467, 10084, 10473, 10090, 10364, 10365]",27,90,Economía,"['embargo', 'caso', 'resultados elecciones', 'Aún autoridad', 'situación octubre', 'días', 'octubre', 'Aún', 'semana', 'aproximación tema', 'modo', 'Respecto', 'respecto', 'momento', 'punto', 'cabo años', 'años', 'partido Cañuelas', 'lunes', 'día elecciones', 'referente', 'vez lote', 'obstante vez obra', 'forma registro', 'vez terreno', 'resultado', 'ejemplo', 'forma', 'datos enero-agosto', 'parte', 'charts noche CriptoYa', 'mañana', 'pesar gestión', 'partido', 'lado', 'dato fin semana', 'noche domingo', 'dato', 'gobierno días', 'general', 'sea', 'contrario', 'hecho', 'cara vuelta rol candidato', 'domingo noche', 'lunes mañana', 'semana agenda', 'casos', 'triunfo vuelta', 'cuadro vuelta', 'semana Massa', 'ganador', 'victoria', 'transición mes', 'pronto', 'pesar', 'ministro candidato dólar exportaciones vuelta', 'viernes', 'equipo lunes', 'reacción mercado resultados elecciones', 'notas', 'cierre nota', 'futuro diciembre', 'par días', 'motivo']",65
comunicado compañía,"[10368, 10369, 10370, 10372, 10513, 10003, 10135, 10143, 10154, 10030, 10158, 10300, 10324, 10084, 10342, 10473, 10090, 10488, 10493]",19,30,Economía,"['comunicado compañía', 'comunicado respeto', 'informe CRU', 'organismo', 'Infobae', 'economista', 'jefe investigaciones', 'Twitter', 'Télam', 'agencia Reuters', 'portal', 'Reuters', 'analistas', 'promedio portal', 'analista', 'vía subasta espectro telecomunicaciones G', 'argumento analistas', 'Bloomberg']",18
empresa,"[10368, 10488, 10371, 10084, 10467, 10090, 10154, 10158, 10513, 10003, 10421, 10135, 10008, 10493, 10300, 10365, 10424, 10143]",18,24,Economía,"['empresa', 'realidad', 'actividad régimen', 'ejercicio', 'reunión', 'meta', 'práctica', 'alternativa', 'comisión', 'hora', 'ilusión prosperidad', 'trampa dependencia', 'tarea', 'actividad', 'decisión', 'esperanza JxC', 'hora alianzas', 'entidad', 'propuesta', 'medida', 'administración', 'idea', 'decisiones']",23
FMI-,"[10368, 10488, 10370, 10371, 10084, 10053, 10372, 10154, 10090, 10030, 10446, 10421, 10198, 10135, 10424, 10364, 10493]",17,24,Economía,"['FMI-', 'CNV', 'CCL', 'FMI', 'DEGs', 'BCRA', 'Ciccra', 'MULC', 'IIF']",9
Liquidación,"[10368, 10369, 10370, 10435, 10084, 10053, 10342, 10473, 10154, 10030, 10446, 10135, 10488, 10493]",14,20,Economía,"['Liquidación', 'deuda', 'Deuda neta', 'Ganancias', 'pago', 'bonos Hard Dollar', 'renovación depósitos', 'Acciones bonos', 'bonos', 'fecha tratamiento Presupuesto 2024', 'crédito', 'Presupuestos', 'pagos']",13
bolsillos cifras,"[10488, 10370, 10467, 10371, 10342, 10473, 10158, 10446, 10421, 10135, 10008, 10365]",12,15,Economía,"['bolsillos cifras', 'niveles secretismo', 'documentos', 'fundamentos', 'escándalos', 'estadísticas mayoría argentinos', 'plataformas grupos', 'pasos agenda', 'votantes', 'arcas', 'títulos ley', 'grupo militantes gremios', 'avances', 'corrupción costos']",14
Tecpetrol,"[10370, 10467, 10084, 10473, 10446, 10158, 10514, 10003, 10135, 10143]",10,30,Economía,"['Tecpetrol', 'Techint', 'intención Tecpetrol', 'proyecto Tecpetrol', 'idea Techint', 'YPF', 'Electroingeniería', 'Enarsa', 'Unsam', 'Conae', 'Invap', 'SanCor Cooperativas Unidas', 'Atilra', 'Sancor', 'ATILRA', 'SanCor', 'Consultatio', 'EIDICO', 'UPCN', 'ATE', 'YPF SA', 'Axion', 'Shell', 'Trafigura']",24
dólar MEP,"[10371, 10473, 10030, 10513, 10324, 10424, 10300]",7,7,Economía,"['dólar MEP', 'MEP']",2
Tepetrol,"[10090, 10513, 10003, 10135, 10424, 10300, 10143]",7,10,Economía,"['Tepetrol', 'Tolilllar', 'Rock&Pop', 'Hidrocuyo', 'Cicra', 'SPIC', 'CARSFE', 'Binance', 'Kimberley Sperrfechter', 'Cedear']",10
comparación,"[10371, 10154, 10513, 10198, 10008]",5,6,Economía,"['comparación', 'suma', 'diferencia', 'balanza', 'ventaja', 'brecha']",6
episodios PASO,"[10371, 10473, 10135, 10008, 10424]",5,7,Economía,"['episodios PASO', 'distorsiones', 'cosas', 'acciones', 'causas', 'series']",6
Tigre,"[10090, 10514, 10300, 10493]",4,17,Economía,"['Tigre', 'Ford', 'Volkswagen', 'Palomar Peugeot', 'Citroën', 'Fiat', 'Renault', 'Nissan', 'Toyota', 'Chevrolet', 'Chevrolet Tracker', 'Chevrolet Cruze', 'Infinia', 'Gasoil Diésel', 'Diésel Infinia', 'Puma']",16
USD,"[10368, 10371, 10084, 10135]",4,5,Economía,"['USD', 'dólares', 'yuanes', 'viernes USD']",4
blue,"[10154, 10513, 10090, 10371]",4,6,Economía,"['blue', 'crawling peg', 'deep blue', 'over', 'veces blue']",5
SEC,"[10513, 10090, 10467, 10446]",4,4,Economía,"['SEC', 'ADR']",2
vendedores,"[10473, 10158, 10493, 10030]",4,9,Economía,"['vendedores', 'elección lote', 'superficie', 'lotes agua', 'lotes', 'venta terrenos', 'lotes laguna', 'tramos', 'fábrica autos']",9
pregunta,"[10008, 10370, 10371, 10372]",4,4,Economía,"['pregunta', 'incógnita', 'preguntas']",3
mirada,"[10008, 10154, 10371, 10493]",4,4,Economía,"['mirada', 'gesto', 'oído', 'voz']",4
propietario,"[10372, 10365, 10158]",3,3,Economía,"['propietario', 'autor', 'libertario']",3
S&P Merval Bolsa Comercio,"[10473, 10446, 10513]",3,4,Economía,"['S&P Merval Bolsa Comercio', 'índice S&P', 'S&P Merval', 'Matba-Rofex']",4
GRA,"[10513, 10084, 10135]",3,3,Economía,"['GRA', 'CNSA', 'MAE']",3
X,"[10488, 10090]",2,2,Economía,"['X', 'Juntos + LLA']",2
aceptación,"[10003, 10158]",2,2,Economía,"['aceptación', 'admisión']",2
allanamiento,"[10488, 10090]",2,2,Economía,"['allanamiento', 'juicio']",2
represas,"[10421, 10135]",2,2,Economía,"['represas', 'reservas']",2
Litio,"[10370, 10135]",2,2,Economía,"['Litio', 'Hidrógeno']",2
Campo,"[10369, 10143]",2,3,Economía,"['Campo', 'Escenario', 'Estudio Ber']",3
Martín Kalos,"[10369, 10514]",2,3,Economía,"['Martín Kalos', 'Kalos', 'Raizen']",3
es,[10369],1,1,Economía,['es'],1
expensas,[10424],1,1,Economía,['expensas'],1
Gane,[10493],1,1,Economía,['Gane'],1
Petronas,[10370],1,1,Economía,['Petronas'],1
Mhz,[10370],1,1,Economía,['Mhz'],1
Epyca Consultores,[10369],1,1,Economía,['Epyca Consultores'],1
Tilbury,[10158],1,1,Economía,['Tilbury'],1
2046,[10342],1,1,Economía,['2046'],1
Ripio,[10300],1,1,Economía,['Ripio'],1
"USD518,6",[10198],1,1,Economía,"['USD518,6']",1
Huella,[10158],1,1,Economía,['Huella'],1
Providencia,[10158],1,1,Economía,['Providencia'],1
Horas,[10143],1,1,Economía,['Horas'],1
Rabobank,[10135],1,1,Economía,['Rabobank'],1
Spoiler,[10008],1,1,Economía,['Spoiler'],1
harina,[10513],1,1,Economía,['harina'],1
razón,"[10497, 10499, 10503, 10255, 10128, 10515, 10516, 10517, 10006, 10262, 10010, 10013, 10271, 10016, 10272, 10033, 10170, 10044, 10429, 10046, 10437, 10438, 10442, 10447, 10192, 10452, 10457, 10202, 10461, 10206, 10080, 10464, 10466, 10469, 10479, 10096, 10098, 10229, 10102, 10230, 10489, 10236, 10237, 10495]",44,144,Tecno,"['razón', 'manera', 'gráfico partir rango', 'largo tiempo', 'ejemplo', 'lado', 'aspecto clave', 'plazo', 'clave', 'ejercicio', 'pesar expectativas', 'pesar beneficios', 'hecho', 'motivo decisión', 'Pese idea', 'embargo necesidad', 'pronto', 'parte campaña', 'método', 'embargo', 'resultado', 'respuesta situación', 'pesar', 'proceso', 'función', 'espacio', 'necesidad', 'objetivo', 'decisión', 'Cambios trama', 'dificultad', 'ejemplo táctica', 'error', 'situación', 'táctica', 'obstante expertos', 'cambio política', 'idea', 'adición doxxing', 'característica', 'embargo proceso', 'contexto', 'logro', 'tiempo', 'eliminación tripulación', 'diferencia', 'situación impacto', 'pesar desafíos', 'obstante realización visión', 'punto', 'consejo', 'idea enfoque', 'caso celulares', 'selección opción', 'vez proceso', 'actividad correo', 'modo', 'parte rediseño plataforma', 'actualización', 'vez', 'casos', 'caso', 'sentido', 'medio sistema aprendizaje', 'cosa', 'embargo continuaciones', 'lugar', 'forma funcionamiento exoesqueleto', 'final periodo', 'lugar dudas', 'funciones', 'caso descriptor escenas', 'suerte parodia', 'forma realidad directora', 'actuación', 'fracaso', 'proyecto', 'obstante público', 'suerte', 'momento', 'forma', 'actividad', 'embargo baneo', 'pesar falta promoción', 'parte actividades', 'tendencia', 'alcance', 'problema', 'función sticker', 'momento función', 'estrella acción', 'innovador aprendizaje refuerzo']",92
Mislav Balunović,"[10497, 10499, 10503, 10128, 10515, 10516, 10517, 10013, 10271, 10016, 10272, 10170, 10427, 10429, 10437, 10438, 10447, 10192, 10450, 10452, 10202, 10461, 10080, 10464, 10466, 10469, 10479, 10096, 10098, 10229, 10102, 10489, 10234]",33,138,Tecno,"['Mislav Balunović', 'Florian Tramèr', 'Rafael Bretas', 'Berger', 'Iris', 'Yves Bonnefont', 'Brent Seales', 'Seales', 'Youssef Nader', 'Nat Friedman', 'Rick Riordan', 'Percy Jackson', 'Percy', 'Harry Potter', 'Eusebio Nieva', 'periodista Cecily Mauran', 'Mauran', 'Nickmercs', 'John Roberts', 'Nicholas Cumpsty', 'Roberts', 'Linda Yaccarino', 'Taylor Swift', 'San Francisco', 'Claude', 'Gloria Gaynor', 'Bryan Fuller', 'Hannibal', 'Victor Miller', 'Kevin Williamson', 'Adrienne King', 'Alice Hardy', 'Sean S. Cunningham', 'Pamela Vorhees', 'Jason', 'Fuller', 'Mark Gurman', 'Steve Jobs', 'Gurman', 'Tamra Davis', 'Van Toffler', 'Ann [ Carli', 'Davis', 'Zoe Saldana', 'Taryn Manning', 'Grey’s Anatomy', 'Ellen Pompeo', 'Meredith Grey', 'Bridgerton', 'John Carpenter', 'William Friedkin', 'premio Oscar', 'John Boorman', 'William Peter Blatty', 'Carpenter', 'Jason Miller', 'Damien Karras', 'Giuk Lee', 'Kaspar Althoefer', 'Queen Mary', 'Stephen King', 'Andy Muschietti', 'Tommy Lee Wallace', 'Tim Curry', 'Gary Sinise', 'Teniente Dan Forrest', 'Alexander Skarsgård', 'Bill Skarsgård', 'King', 'Christian Torpe', 'Spike', 'Mike Flanagan', 'Charlie Brooker', 'Jordan Peele', 'Cooper', 'Loch Henry', 'Steven Spielberg', 'Demian Rugna', 'Gonzalo Calzada', 'Aparicio', 'Feiling', 'Erica Rivas', 'Oscar', 'Cristian Ponce', 'Jason Blum', 'Todd McFarlane', 'McFarlane', 'Scott Silver', 'Malcolm Spellman', 'Ray Charles', 'Jamie Foxx', 'Jeremy Renner', 'Jonathan Nolan', 'Lisa Joy', 'Walton Goggins', 'Purnell', 'Kyle MacLachlan', 'Matthew Castellanos', 'Mike Ambs', 'Soni Bringas', 'Stephen Ruffin', 'Wes Anderson', 'Sam Raimi', 'Ed Krassenstein', 'Megan', 'Mike Schmidt', 'Josh Hutcherson', 'Emma Tammi', 'Tammi', 'enfoque Tammi', 'Savannah Badalich', 'Martin Scorsese', 'Leonardo DiCaprio', 'Lily Gladstone', 'Robert Niro', 'Scorsese', 'DiCaprio', 'Niro', 'Bob', 'William Hale', 'Ernest Burkhart', 'Rodrigo Prieto', 'Leo', 'Tim Cook', 'Emma Watson', 'Natalie Portman', 'Rosalía', 'Sophie Maddocks', 'Maddocks', 'Adam Mosseri', 'Chuck Norris', 'Norris', 'Lav Bodnaruk', 'Michael Pier', 'Isaac Gym']",135
Anthropic,"[10497, 10499, 10503, 10516, 10517, 10262, 10013, 10271, 10016, 10272, 10033, 10170, 10427, 10044, 10429, 10438, 10447, 10450, 10202, 10461, 10080, 10464, 10466, 10469, 10479, 10096, 10098, 10229, 10102, 10234, 10236, 10495]",32,122,Tecno,"['Anthropic', 'Wired', 'Nature', 'Business Insider', 'Statista', 'Consumer Insights', 'Dare Forward', 'Vesuvius Challenge', 'premio ‘ Vesuvius Challenge ’', 'The Olympians', 'the Olympians', 'The Lightning Thief', 'Variety', 'Star Wars', 'The Mandalorian', 'Business Email Compromise', 'Investigadores Check Point', 'Check Point Software', 'Inteligencia Check Point Research', 'Kick', 'Ninja', 'canal SSSniperWolf', 'Guest Star', 'Stream Together', 'Discovery Feed', 'BBC', 'New York Times', 'The Guardian', 'Universal Music Group', 'Universal Music Publishing Group', 'Concord Music Group', 'Will Survive', 'BandLab Technologies', 'BandLab', 'Peacock', 'Crystal Lake', 'Scream', 'New Line Cinema', 'Infobae', 'The Book of Bobba Fet', 'Bad Batch', 'Star Wars Bracket', 'Power On', 'Bloomberg', 'Pro', 'Cámara True Depth', 'Britney Spears', 'The Woman', 'Crossroads', 'Entertainment Weekly', 'Britney', 'idea continuación Crossroads', 'Spears', 'Orange Is the New Black', 'posibilidad secuela Crossroads', 'The Thing', 'Exorcist II The Heretic', 'Prince of Darkness', 'They Live', 'Legion', 'The Rocky Horror Picture Show', 'The Stand', 'The Mist', 'Storm of the Century', 'Black Mirror', 'Channel', 'Black Museum', 'Get Out', 'Resident Evil', 'Fifteen Million Merits', 'Shut Up and Dance', 'Hated the Nation', 'The Entire History of You', 'Black Widow', 'Iron Man', 'Red Guardian', 'plataforma Peacock', 'Jurassic Park', 'Spawn', 'New York Comic', 'Prime Video', 'amigos Prime Video', 'Twin Peaks', 'Disco Inferno', 'Beautiful & Twisted', 'Sleepy Hollow', 'Inferno', 'Drag Hell', 'Wikipedia', 'Jimmy Wales', 'The Wikimedia Foundation', 'The Washington Post', 'The New York Times', 'CNN', 'Fundación Wikimedia', 'Wales', 'Five Nights Freddy’s', 'Freddy Fazbear’s Pizza', 'Voice Match', 'vez configuración Voice Match', 'Killers of the Flower Moon', 'The Telegraph', 'The Irishman', 'Vision Pro', 'caso fecha lanzamiento gafas Vision Pro', 'forma experiencia Vision Pro', 'Crime Boss', 'Rockay City', 'Zombie Plane', 'Avión Zombie', 'Ice', 'The Hollywood Reporter', 'American Film Market', 'Eureka', 'Transactions Machine Learning Research', 'Shared Knowledge Lifelong Learning']",116
aspectos,"[10503, 10128, 10515, 10517, 10010, 10013, 10016, 10272, 10033, 10170, 10044, 10046, 10048, 10437, 10442, 10192, 10452, 10457, 10202, 10206, 10080, 10464, 10466, 10096, 10098, 10229, 10102, 10230, 10236, 10237, 10495]",31,68,Tecno,"['aspectos', 'través sitio', 'análisis', 'prueba LLM', 'investigadores estafadores', 'colaboración expertos ética', 'investigadores', 'equilibrio automatización', 'difusión información', 'solo través anuncios', 'Influencity', 'investigación Influencity', 'redes', 'datos informe', 'archivos audio', 'uso dispositivos', 'elementos', 'documentos nube', 'integración', 'uso ChatGPT bordo vehículos DS', 'algoritmo inteligencia', 'textos', 'enfoque fidelidad libros', 'monitorización comportamientos', 'herramientas propagación ataques', 'Inteligencia Artificial', 'ataques', 'explotación atacante', 'atacante', 'calidad transmisión', 'app', 'tecnologías', 'informe', 'informes', 'productos calidad', 'Internet', 'velocidad procesamiento', 'apps', 'centralización datos', 'aplicaciones', 'desarrolladores aplicaciones', 'plataformas', 'estudio', 'pruebas', 'aplicación', 'detector textos', 'uso casas', 'detección vulnerabilidades', 'instalación aplicaciones', 'Extracción datos', 'adquisición información', 'desarrollo', 'plataformas streaming', 'uso colores', 'gigante tecnología', 'investigación', 'sitios', 'forma variedad elementos', 'App Stores', 'clic aplicación', 'agente inteligencia', 'inteligencia', 'Control autonomía', 'sistemas', 'Desarrollo']",65
Microsoft Excel,"[10497, 10499, 10255, 10128, 10515, 10516, 10517, 10006, 10010, 10013, 10271, 10272, 10033, 10170, 10044, 10046, 10442, 10192, 10457, 10202, 10464, 10469, 10229, 10230, 10236, 10237, 10495]",27,109,Tecno,"['Microsoft Excel', 'Excel', 'Windows', 'Mac', 'Apple', 'iPhone', 'Huawei', 'Google Pixel', 'Samsung', 'modelos OpenAI', 'Google', 'OpenAI', 'Twitter', 'Elon Musk', 'Musk', 'Instagram', 'Facebook', 'YouTube', 'Snapchat', 'Pinterest', 'Android', 'Verizon', 'iOS', 'Amazon', 'MIT', 'Tesla', 'gestión Twitter', 'iCloud', 'iCloud Private Relay', 'Mail', 'Apple Mail', 'Cupertino', 'Microsoft', 'Windows Phone', 'Nokia', 'HTC', 'WhatsApp', 'Microsot', 'Xbox', 'Fitbit', 'propuesta Google', 'iMac', 'iMac M1', 'iPad', 'MacBook', 'iMac Pro', 'MacBook Pros OLED', 'HDMI', 'Appe GPT', 'intención Apple', 'Xcode', 'Keynote', 'WhatsApp Plus', 'Google Assistant', 'Assistant', 'Google Home', 'Calendario Google', 'Hola Google', 'Apple TV+', 'Appe', 'Apple Watch', 'Google Play Store', 'Z-Force', 'NVIDIA', 'GPU']",65
experto,"[10497, 10499, 10128, 10515, 10006, 10262, 10272, 10170, 10427, 10044, 10046, 10438, 10442, 10192, 10452, 10202, 10466, 10098, 10229, 10230, 10489, 10234]",22,33,Tecno,"['experto', 'empresa marketing', 'usuario', 'artista', 'compañía', 'periodista Mashable', 'representante', 'periodista', 'compañía envíos', 'documento compañía', 'empresa', 'dueño plataforma', 'empresario', 'dueño', 'compañías', 'delante cámara', 'usuario Fan Expo', 'servicio atención cliente Apple', 'directora', 'cámara', 'capacidades escritor', 'director', 'cortometraje director', 'directora políticas', 'director fotografía', 'gafas realidad', 'fotografía']",27
Escuela Politécnica Federal Zúrich,"[10499, 10503, 10128, 10516, 10517, 10013, 10016, 10033, 10044, 10046, 10437, 10447, 10192, 10450, 10452, 10080, 10466, 10096, 10229, 10102, 10495]",21,57,Tecno,"['Escuela Politécnica Federal Zúrich', 'Melbourne', 'Australia', 'Japón', 'Unión Europea', 'Comisión Europea', 'Nueva Zelanda', 'Filipinas', 'Brasil', 'México', 'República Dominicana', 'Perú', 'Argentina', 'Colombia', 'Chile', 'América Latina', 'Latinoamérica', 'Estados Unidos', 'Europa', 'Nueva lista', 'Burdeos', 'Universidad Nebraska-Lincoln', 'Roma', 'Universidad Kentucky', 'Universidad Berlín', 'España', 'Portugal', 'Miami', 'Florida', 'Kentucky', 'Reino Unido', 'China', 'Bangladés', 'Imperial College', 'Universidad Chung-Ang Corea Sur', 'Universidad Seúl', 'Corea Sur', 'Londres', 'Inglaterra', 'Capitán América', 'Buenos Aires', 'Italia', 'California', 'Universidad Pensilvania', 'Hawai', 'Walker Texas Ranger', 'Universidad Brístol']",47
programas,"[10497, 10466, 10438, 10479, 10447, 10033, 10098, 10450, 10452, 10516, 10006, 10461, 10234, 10427, 10429]",15,25,Tecno,"['programas', 'programa', 'historia', 'crónicas Spiderwick', 'ficción', 'película', 'guion', 'cinta', 'faceta historias terror', 'concepto miniserie', 'historias', 'Apocalipsis', 'historia escritor', 'episodios', 'guiños saga', 'episodio', 'sinopsis', 'borrador guion Spawn', 'películas giallo', 'películas terror', 'acuerdo sinopsis']",21
Opciones,"[10437, 10442, 10128, 10033, 10237, 10517, 10230, 10006, 10102, 10457, 10236, 10013, 10046, 10495]",14,36,Tecno,"['Opciones', 'Departamento Ciencias Computacionales', 'Modelo Lenguaje', 'Modelos Lenguaje', 'Ley Servicios Digitales', 'Almacenamiento', 'Automatización', 'Índice Global Ciberseguridad', 'Troyano Acceso Remoto', 'Global Amenazas', 'Ir Configuración > General Actualización', 'Actualizaciones', 'Configuración', 'Ajustes', 'Aplicaciones', 'Transparencia Seguimiento Aplicaciones', 'Privacidad Seguridad', 'Rastreo', 'Retransmisión Privada', 'Protección Privacidad Correo', 'Protección Privacidad', 'Recomendaciones seguridad', 'Inicio', 'Laboratorio robótica', 'Centro Robótica Avanzada', 'Accesibilidad', 'Información', 'Centro Ayuda', 'Asistente', 'Voz Asistente', 'Seguridad']",31
filas,"[10048, 10457, 10503, 10442, 10096, 10033, 10128, 10450, 10452, 10006, 10262, 10489, 10170, 10237]",14,15,Tecno,"['filas', 'medidas', 'luces', 'duración luces LED', 'imágenes trazos', 'palabras', 'novedades', 'Gracias características', 'elecciones', 'Descripción escenas', 'cuenta', 'imágenes', 'cuentas', 'cifras']",14
asistentes edición,"[10016, 10464, 10234, 10255, 10033, 10098, 10450, 10516, 10229, 10517, 10170]",11,12,Tecno,"['asistentes edición', 'contenido', 'noticia', 'anuncio', 'escrito', 'fecha', 'publicación', 'tráiler', 'comunicado', 'adelanto', 'artículo revista']",11
Stellantis,"[10080, 10466, 10469, 10438, 10442, 10096, 10192, 10517, 10102, 10170, 10271]",11,14,Tecno,"['Stellantis', 'Luke Farritor', 'Farritor', 'fiancier.com', 'Jacksfilms', 'Droneliner', 'drones Droneliner', 'Pro-Motion', 'Salem´s', 'Indentificador', 'LGTBQI+', 'Dickipedia', 'Penepedia', 'Cobots']",14
mayoría fabricantes,"[10464, 10466, 10479, 10128, 10515, 10517, 10102, 10262, 10010, 10044, 10013]",11,17,Tecno,"['mayoría fabricantes', 'fabricantes', 'chatbots', 'datos usuarios', 'encuestados país', 'resto naciones', 'ciberdelincuentes', 'usuarios', 'jugadores', 'mayoría', 'aparición personas colectivo', 'fanáticos', 'idea robots', 'robots', 'escenarios robots']",15
Twitch,"[10464, 10466, 10234, 10447, 10479, 10170, 10427, 10044, 10461]",9,13,Tecno,"['Twitch', 'TwitchCon', 'serie streaming', 'Shonda', 'Shonda Rhimes', 'Rhimes', 'Netflix', 'Blumhouse', 'Westworld', 'Blumhouse Productions']",10
Alt + H,"[10464, 10202, 10469, 10033, 10229, 10006, 10010, 10044, 10271]",9,19,Tecno,"['Alt + H', 'Ctrl + N.', 'Ctrl + K.', 'F2', 'Ctrl +', 'Cmd +', 'Ctrl', 'Galaxy A34 G', 'Galaxy A54 G', 'X', 'Karol G', 'M3', 'M2 Pro', 'M2', 'Gen V']",15
Sesión,"[10438, 10447, 10452, 10429, 10461, 10234, 10237, 10046]",8,12,Tecno,"['Sesión', 'Viernes', 'verano', 'Viernes derechos película', 'años', 'año', 'años lanzamiento', 'novela 1980', 'temporada', 'década', 'Meses']",11
IA,"[10016, 10080, 10438, 10503, 10229, 10517, 10102]",7,7,Tecno,"['IA', 'IT']",2
Disney,"[10497, 10438, 10450, 10098, 10262, 10427, 10461]",7,28,Tecno,"['Disney', 'Disney+', 'Anakin Skywalker', 'Darth Vader', 'Cristal Kyber', 'Fuerza Orden Caballeros Jedi', 'Sith', 'Orden', 'Cabelleros Jedi', 'Avatar', 'Pennywise', 'LEGO Marvel Vengadores Código Rojo', 'LEGO Marvel Avengers Code Red', 'Marvel', 'Hulk', 'Thor', 'Vengadores', 'LEGO', 'Wolverine', 'Marvel Vengadores Código Rojo', 'antihéroe', 'Joker', 'Falcon', 'Hawkeye', 'Inception']",25
Galaxia,"[10466, 10438, 10450, 10452, 10262, 10461]",6,10,Tecno,"['Galaxia', 'Tierra', 'Tormenta Siglo', 'Misa Medianoche', 'Viuda Negra', 'Maldad', 'Resurrección', 'Historia Oculto', 'Soldado Invierno', 'Iglesia']",10
Meta,"[10515, 10452, 10457, 10044, 10013]",5,5,Tecno,"['Meta', 'Natalia Meta']",2
Archivo,"[10080, 10442, 10450, 10006, 10046]",5,5,Tecno,"['Archivo', 'Biblioteca', 'Museo Louvre', 'Lector', 'Coleccionista']",5
Dioses Olimpo,"[10464, 10497, 10438, 10098, 10429]",5,6,Tecno,"['Dioses Olimpo', 'Poseidón', 'príncipe tinieblas', 'dios diablo', 'ejército muertos', 'asesinos luna']",6
interacción voz,"[10080, 10272, 10442, 10427, 10495]",5,8,Tecno,"['interacción voz', 'Siri', 'voz', 'Bixby', 'Asistencia voz', 'Bixby Vision', 'Bixby Visión']",7
Estado,"[10464, 10497, 10438, 10202, 10429]",5,5,Tecno,"['Estado', 'legado', 'ente pueblo', 'futuro', 'origen']",5
Spotify,"[10272, 10230, 10102, 10236, 10046]",5,13,Tecno,"['Spotify', 'Spotify Codes', 'código Spotify', 'código', 'caché Spotify', 'Web Servers Malicious URL Directory Traversal', 'HTTP', 'embargo memoria caché', 'caché', 'VPN', 'DNS', 'Contraseñas']",12
diversión,"[10450, 10452, 10466, 10479]",4,4,Tecno,"['diversión', 'fiesta', 'discoteca', 'juegos hambre']",4
estafador,"[10128, 10497, 10170, 10452]",4,4,Tecno,"['estafador', 'swatting', 'prófugo', 'FBI']",4
destinatario,"[10128, 10499, 10236, 10206]",4,6,Tecno,"['destinatario', 'teléfono', 'móvil', 'protección privacidad correo', 'correo', 'dispositivo']",6
batería,"[10048, 10010, 10080, 10206]",4,7,Tecno,"['batería', 'cargadores eficiencia', 'marca', 'gama', 'carga batería', 'baterías']",6
calor,"[10438, 10429, 10206]",3,3,Tecno,"['calor', 'sensación', 'niebla']",3
rumores,"[10272, 10457, 10271]",3,3,Tecno,"['rumores', 'rumores inteligencia', 'Rumores']",3
Nombres,"[10457, 10170, 10452]",3,3,Tecno,"['Nombres', 'Aterrados', 'Grupos']",3
Halloween,"[10466, 10452, 10429]",3,4,Tecno,"['Halloween', 'spooky season']",2
exorcista,"[10466, 10461, 10429]",3,6,Tecno,"['exorcista', 'II hereje', 'Exorcista', 'Blatty', 'Arrástrame']",5
botón,"[10442, 10515, 10262]",3,10,Tecno,"['botón', 'filtro', 'temporizador', 'filtro emparejamientos', 'filtros', 'efecto Lightsaber color by SWAG', 'Detector color', 'detector color', 'botón sticker']",9
ALT+F1,"[10013, 10517, 10006]",3,3,Tecno,"['ALT+F1', 'GPT-4']",2
TikTok,"[10170, 10044, 10262]",3,3,Tecno,['TikTok'],1
Playtest,"[10464, 10447]",2,5,Tecno,"['Playtest', 'Fallout', 'Bethesda', 'Día Fallout', 'Gamescom']",5
RETUNS,"[10128, 10438]",2,4,Tecno,"['RETUNS', 'Portland', 'Maine', 'Bridgton']",4
maridaje,"[10461, 10447]",2,2,Tecno,"['maridaje', 'vanguardista']",2
caída,"[10457, 10202]",2,2,Tecno,"['caída', 'sanción']",2
RTVE,"[10202, 10234]",2,2,Tecno,"['RTVE', 'Fangoria']",2
SYSTEM,"[10080, 10517]",2,2,Tecno,"['SYSTEM', 'SKILL']",2
pago,"[10464, 10033]",2,2,Tecno,"['pago', 'reparto']",2
FedEx,"[10128, 10192]",2,7,Tecno,"['FedEx', 'camión FedEx', 'conductor FedEx', 'Airbus', 'A380', 'Rolls-Royce', 'aviones']",7
Pasos,"[10515, 10236]",2,2,Tecno,"['Pasos', 'pasos']",2
término canvas,"[10046, 10479]",2,4,Tecno,"['término canvas', 'Canvas Spotify', 'Canvas', 'Inverse']",4
Pedofilia,[10457],1,1,Tecno,['Pedofilia'],1
mal,[10452],1,1,Tecno,['mal'],1
pellizco,[10499],1,1,Tecno,['pellizco'],1
Desempleo,[10517],1,1,Tecno,['Desempleo'],1
tribu Osage,[10497],1,1,Tecno,['tribu Osage'],1
Mubi,[10466],1,1,Tecno,['Mubi'],1
Irlandés,[10497],1,1,Tecno,['Irlandés'],1
PG-13,[10479],1,1,Tecno,['PG-13'],1
Discord,[10489],1,1,Tecno,['Discord'],1
cuna,[10466],1,1,Tecno,['cuna'],1
BEC,[10102],1,1,Tecno,['BEC'],1
Denme,[10438],1,1,Tecno,['Denme'],1
space gray,[10271],1,1,Tecno,['space gray'],1
ATT,[10236],1,1,Tecno,['ATT'],1
UMG,[10229],1,2,Tecno,"['UMG', 'ABKCO']",2
Amouranth,[10170],1,1,Tecno,['Amouranth'],1
Vesubio,[10096],1,3,Tecno,"['Vesubio', 'Monte Vesubio', 'pergaminos Herculano']",3
Automobiles,[10080],1,6,Tecno,"['Automobiles', 'DS', 'Citroën', 'DS Crossback', 'SUV', 'DS Crossback E-Tense']",6
crossfade,[10046],1,3,Tecno,"['crossfade', 'Crossfade', 'MP3']",3
IZEA,[10044],1,1,Tecno,['IZEA'],1
ETH Zurich,[10013],1,1,Tecno,['ETH Zurich'],1
Sesgo,[10517],1,1,Tecno,['Sesgo'],1
